ano_mes,marca,servico,solicitacoes
2016-03,OI,STFC,63393
2015-03,OI,STFC,63392
2015-07,OI,STFC,61631
2015-05,OI,STFC,60277
2015-04,OI,STFC,57740
2016-02,OI,STFC,56916
2016-01,OI,STFC,56081
2015-06,OI,STFC,55331
2015-08,OI,STFC,53194
2015-09,OI,STFC,51086
2016-04,OI,STFC,49248
2015-10,OI,STFC,46942
2016-05,OI,STFC,45853
2015-12,OI,STFC,45650
2015-11,OI,STFC,45408
2016-08,OI,STFC,44097
2016-06,OI,STFC,43779
2017-03,OI,STFC,40653
2015-02,OI,STFC,40448
2017-01,OI,STFC,40332
2017-08,OI,STFC,39550
2016-11,OI,STFC,39526
2016-07,OI,STFC,39257
2016-12,OI,STFC,38804
2019-07,TIM,SMP_Pós,38793
2019-05,TIM,SMP_Pós,38614
2016-09,OI,STFC,37987
2019-04,TIM,SMP_Pós,37562
2019-01,TIM,SMP_Pós,37278
2017-05,OI,STFC,36069
2016-10,OI,STFC,35503
2015-07,OI,SCM,35068
2017-02,OI,STFC,34873
2017-10,OI,STFC,34746
2015-08,VIVO,SMP_Pós,34507
2016-03,OI,SCM,34475
2015-07,VIVO,SMP_Pós,33705
2019-08,TIM,SMP_Pós,33467
2015-03,OI,SCM,33431
2017-01,VIVO,SMP_Pós,33237
2015-09,VIVO,SMP_Pós,33229
2016-08,VIVO,SMP_Pós,33120
2018-04,TIM,SMP_Pós,32672
2018-01,OI,STFC,32670
2018-11,TIM,SMP_Pós,32593
2018-12,TIM,SMP_Pós,32580
2017-09,OI,STFC,32405
2016-03,VIVO,SMP_Pós,32330
2017-07,OI,STFC,32076
2015-12,VIVO,SMP_Pós,32055
2019-02,TIM,SMP_Pós,31886
2015-08,OI,SCM,31821
2016-08,TIM,SMP_Pós,31802
2016-05,VIVO,SMP_Pós,31434
2019-03,TIM,SMP_Pós,31432
2015-06,VIVO,SMP_Pós,31282
2015-08,SKY,SeAC,31054
2015-03,VIVO,SMP_Pós,31049
2016-04,VIVO,SMP_Pós,30875
2017-06,OI,STFC,30678
2019-06,TIM,SMP_Pós,30670
2015-01,OI,STFC,30641
2015-09,OI,SCM,30474
2015-07,CLARO,SMP_Pós,30443
2018-10,TIM,SMP_Pós,30439
2015-10,VIVO,SMP_Pós,30296
2017-04,OI,STFC,30274
2015-04,OI,SCM,30267
2018-08,OI,STFC,30248
2016-01,VIVO,SMP_Pós,30154
2015-06,OI,SCM,29909
2015-05,OI,SCM,29841
2018-03,OI,STFC,29798
2017-03,VIVO,SMP_Pós,29775
2017-01,TIM,SMP_Pós,29747
2016-06,VIVO,SMP_Pós,29730
2016-02,VIVO,SMP_Pós,29670
2017-11,OI,STFC,29644
2015-07,SKY,SeAC,29600
2018-10,OI,STFC,29593
2016-11,VIVO,SMP_Pós,29589
2016-11,TIM,SMP_Pós,29396
2018-08,TIM,SMP_Pós,29277
2015-05,VIVO,SMP_Pós,29260
2018-04,OI,STFC,29152
2018-03,TIM,SMP_Pós,28980
2018-07,TIM,SMP_Pós,28959
2018-01,TIM,SMP_Pós,28905
2017-03,TIM,SMP_Pós,28901
2016-08,TIM,SMP_Pré,28900
2017-05,VIVO,SMP_Pós,28860
2017-05,TIM,SMP_Pós,28834
2016-07,VIVO,SMP_Pós,28821
2016-12,VIVO,SMP_Pós,28816
2016-02,OI,SCM,28717
2019-01,OI,STFC,28704
2018-05,TIM,SMP_Pós,28662
2017-08,TIM,SMP_Pós,28654
2015-11,VIVO,SMP_Pós,28632
2020-01,TIM,SMP_Pós,28401
2015-03,SKY,SeAC,28353
2016-03,CLARO,SMP_Pós,28230
2016-10,VIVO,SMP_Pós,28165
2019-05,OI,STFC,28148
2018-07,OI,STFC,28096
2015-03,VIVO,STFC,27970
2015-04,VIVO,SMP_Pós,27805
2019-10,TIM,SMP_Pós,27672
2015-06,CLARO,SMP_Pós,27671
2015-07,TIM,SMP_Pós,27667
2016-09,VIVO,SMP_Pós,27637
2015-08,CLARO,SMP_Pós,27632
2017-11,TIM,SMP_Pós,27463
2019-09,TIM,SMP_Pós,27426
2020-04,CLARO,SCM,27410
2016-07,TIM,SMP_Pós,27335
2020-05,CLARO,SCM,27316
2016-01,OI,SCM,27303
2016-04,OI,SCM,27280
2016-12,TIM,SMP_Pós,27237
2015-10,OI,SCM,27160
2015-10,CLARO,SMP_Pós,27160
2018-05,OI,STFC,27058
2015-09,SKY,SeAC,27042
2016-09,TIM,SMP_Pós,26997
2016-03,VIVO,STFC,26930
2018-09,OI,STFC,26772
2019-04,OI,STFC,26731
2018-11,OI,STFC,26645
2017-12,OI,STFC,26513
2018-02,OI,STFC,26433
2017-03,CLARO,SMP_Pós,26354
2017-07,TIM,SMP_Pós,26328
2017-10,TIM,SMP_Pós,26312
2016-10,TIM,SMP_Pós,26301
2018-06,TIM,SMP_Pós,26106
2018-06,OI,STFC,25999
2015-09,CLARO,SMP_Pós,25986
2015-06,SKY,SeAC,25961
2017-12,TIM,SMP_Pós,25905
2019-02,OI,STFC,25889
2015-10,VIVO,STFC,25878
2020-05,CLARO,SMP_Pós,25871
2017-02,VIVO,SMP_Pós,25714
2018-09,TIM,SMP_Pós,25588
2016-11,TIM,SMP_Pré,25560
2016-01,CLARO,SMP_Pós,25545
2017-06,TIM,SMP_Pós,25536
2019-03,OI,STFC,25455
2017-08,VIVO,SMP_Pós,25400
2015-11,OI,SCM,25393
2017-09,TIM,SMP_Pós,25328
2017-04,VIVO,SMP_Pós,25289
2015-11,CLARO,SMP_Pós,25268
2016-07,TIM,SMP_Pré,25184
2016-08,CLARO,SMP_Pós,25177
2015-05,CLARO,SMP_Pós,25111
2017-01,CLARO,SMP_Pós,25002
2019-12,TIM,SMP_Pós,24984
2016-05,OI,SCM,24959
2019-10,VIVO,SMP_Pós,24871
2018-02,TIM,SMP_Pós,24813
2015-04,VIVO,STFC,24735
2017-07,VIVO,SMP_Pós,24690
2017-05,CLARO,SMP_Pós,24672
2017-08,CLARO,SMP_Pós,24473
2015-09,VIVO,STFC,24471
2017-06,VIVO,SMP_Pós,24461
2016-10,TIM,SMP_Pré,24414
2015-06,TIM,SMP_Pós,24375
2019-01,VIVO,SMP_Pós,24326
2015-12,OI,SCM,24283
2019-07,OI,STFC,24242
2020-05,TIM,SMP_Pós,24208
2015-12,CLARO,SMP_Pós,24132
2016-02,VIVO,STFC,24127
2020-02,TIM,SMP_Pós,24078
2016-01,VIVO,STFC,24050
2017-01,OI,SCM,24034
2020-03,TIM,SMP_Pós,24022
2016-02,CLARO,SMP_Pós,23990
2020-04,CLARO,SMP_Pós,23972
2015-08,TIM,SMP_Pós,23955
2015-07,VIVO,STFC,23915
2015-11,VIVO,STFC,23913
2015-11,TIM,SMP_Pós,23705
2018-12,OI,STFC,23688
2017-11,TIM,SMP_Pré,23633
2017-01,VIVO,STFC,23630
2015-12,TIM,SMP_Pós,23485
2017-04,TIM,SMP_Pós,23468
2016-09,CLARO,SMP_Pós,23427
2017-02,TIM,SMP_Pós,23267
2020-04,TIM,SMP_Pós,23230
2016-06,CLARO,SMP_Pós,23152
2015-02,OI,SCM,23120
2016-11,CLARO,SMP_Pós,23087
2019-09,VIVO,SMP_Pós,23040
2016-06,TIM,SMP_Pós,22991
2016-09,TIM,SMP_Pré,22984
2016-04,CLARO,SMP_Pós,22970
2016-07,CLARO,SMP_Pós,22934
2016-06,VIVO,STFC,22912
2015-03,TIM,SMP_Pós,22881
2020-01,CLARO,SMP_Pós,22880
2015-04,SKY,SeAC,22854
2016-01,TIM,SMP_Pós,22841
2017-05,TIM,SMP_Pré,22770
2019-11,TIM,SMP_Pós,22748
2016-05,CLARO,SMP_Pós,22739
2018-03,VIVO,SMP_Pós,22723
2020-03,CLARO,SMP_Pós,22718
2015-05,SKY,SeAC,22665
2016-06,OI,SCM,22598
2015-03,CLARO,SMP_Pós,22591
2017-07,CLARO,SMP_Pós,22570
2016-12,CLARO,SMP_Pós,22559
2019-08,OI,STFC,22549
2019-03,CLARO,SMP_Pós,22505
2015-10,SKY,SeAC,22438
2017-03,VIVO,STFC,22416
2015-09,TIM,SMP_Pós,22413
2017-10,TIM,SMP_Pré,22402
2016-08,OI,SCM,22395
2016-03,SKY,SeAC,22391
2016-02,SKY,SeAC,22385
2015-12,VIVO,STFC,22347
2015-12,TIM,SMP_Pré,22324
2016-03,TIM,SMP_Pós,22302
2015-02,SKY,SeAC,22291
2016-10,CLARO,SMP_Pós,22274
2017-03,OI,SCM,22253
2019-01,VIVO,STFC,22214
2015-05,VIVO,STFC,22178
2017-06,CLARO,SMP_Pós,22133
2015-03,TIM,SMP_Pré,21992
2018-01,TIM,SMP_Pré,21900
2016-06,TIM,SMP_Pré,21880
2017-02,CLARO,SMP_Pós,21790
2015-05,TIM,SMP_Pós,21782
2015-11,TIM,SMP_Pré,21782
2016-01,SKY,SeAC,21777
2017-10,VIVO,SMP_Pós,21701
2020-05,VIVO,SMP_Pós,21688
2015-08,VIVO,STFC,21686
2015-10,TIM,SMP_Pós,21677
2019-06,OI,STFC,21616
2016-08,VIVO,STFC,21610
2019-01,CLARO,SMP_Pós,21603
2017-09,TIM,SMP_Pré,21597
2018-08,CLARO,SMP_Pós,21574
2016-04,VIVO,STFC,21527
2015-02,VIVO,SMP_Pós,21428
2016-12,OI,SCM,21359
2015-06,VIVO,STFC,21327
2019-02,CLARO,SMP_Pós,21321
2016-11,VIVO,STFC,21196
2018-07,CLARO,SMP_Pós,21176
2019-04,CLARO,SMP_Pós,21031
2015-04,CLARO,SMP_Pós,21024
2019-10,OI,STFC,20991
2015-07,TIM,SMP_Pré,20951
2018-05,CLARO,SMP_Pós,20925
2018-03,CLARO,SMP_Pós,20909
2017-08,VIVO,STFC,20880
2019-09,OI,STFC,20876
2017-08,TIM,SMP_Pré,20872
2017-10,CLARO,SMP_Pós,20856
2018-03,VIVO,STFC,20748
2016-02,TIM,SMP_Pós,20678
2019-11,VIVO,SMP_Pós,20665
2017-09,CLARO,SMP_Pós,20618
2017-11,VIVO,SMP_Pós,20611
2017-01,TIM,SMP_Pré,20595
2020-04,VIVO,SMP_Pós,20553
2016-05,TIM,SMP_Pré,20547
2016-03,TIM,SMP_Pré,20534
2017-08,OI,SCM,20481
2017-05,VIVO,STFC,20473
2017-09,VIVO,SMP_Pós,20441
2019-02,VIVO,SMP_Pós,20417
2015-12,SKY,SeAC,20414
2018-04,CLARO,SMP_Pós,20401
2020-01,VIVO,SMP_Pós,20394
2016-12,TIM,SMP_Pré,20339
2016-05,VIVO,STFC,20291
2018-10,TIM,SMP_Pré,20274
2016-09,VIVO,STFC,20250
2016-07,VIVO,STFC,20228
2015-01,VIVO,SMP_Pós,20227
2016-11,OI,SCM,20226
2020-01,OI,STFC,20197
2015-11,SKY,SeAC,20194
2016-07,OI,SCM,20164
2016-10,VIVO,STFC,20154
2020-03,CLARO,SCM,20151
2016-05,TIM,SMP_Pós,20143
2016-12,VIVO,STFC,20132
2017-12,TIM,SMP_Pré,20131
2019-05,CLARO,SMP_Pós,20122
2015-04,TIM,SMP_Pós,20006
2015-05,TIM,SMP_Pré,19973
2017-11,CLARO,SMP_Pós,19957
2017-05,OI,SCM,19894
2017-03,TIM,SMP_Pré,19839
2018-10,VIVO,STFC,19770
2018-04,VIVO,STFC,19756
2018-02,TIM,SMP_Pré,19711
2015-06,TIM,SMP_Pré,19710
2016-10,OI,SCM,19630
2018-01,CLARO,SMP_Pós,19629
2019-08,VIVO,SMP_Pós,19619
2019-05,VIVO,STFC,19594
2019-12,CLARO,SMP_Pós,19564
2017-04,CLARO,SMP_Pós,19550
2017-06,VIVO,STFC,19542
2018-01,VIVO,STFC,19531
2019-12,VIVO,SMP_Pós,19507
2019-08,CLARO,SMP_Pós,19506
2017-02,VIVO,STFC,19467
2018-10,CLARO,SMP_Pós,19416
2020-02,CLARO,SMP_Pós,19354
2017-02,OI,SCM,19342
2015-05,OI,SMP_Pós,19334
2019-07,CLARO,SMP_Pós,19272
2016-01,TIM,SMP_Pré,19214
2019-04,VIVO,STFC,19198
2016-09,OI,SCM,19175
2015-07,OI,SMP_Pós,19165
2019-07,VIVO,SMP_Pós,19140
2015-07,CLARO,SMP_Pré,19116
2017-10,OI,SCM,19091
2017-07,TIM,SMP_Pré,19019
2019-01,TIM,SMP_Pré,18992
2016-04,TIM,SMP_Pós,18907
2018-01,VIVO,SMP_Pós,18879
2017-04,TIM,SMP_Pré,18877
2017-07,OI,SCM,18834
2015-04,TIM,SMP_Pré,18777
2019-09,CLARO,SMP_Pós,18706
2015-08,OI,SMP_Pós,18706
2020-03,VIVO,SMP_Pós,18656
2019-10,CLARO,SMP_Pós,18647
2016-04,TIM,SMP_Pré,18597
2018-04,VIVO,SMP_Pós,18591
2018-02,CLARO,SMP_Pós,18559
2019-02,VIVO,STFC,18545
2015-06,OI,SMP_Pós,18534
2016-02,TIM,SMP_Pré,18527
2017-10,VIVO,STFC,18526
2017-07,VIVO,STFC,18503
2018-08,TIM,SMP_Pré,18500
2018-03,TIM,SMP_Pré,18466
2015-02,VIVO,STFC,18462
2015-03,VIVO,SCM,18422
2017-12,VIVO,SMP_Pós,18411
2019-07,VIVO,STFC,18405
2020-03,OI,STFC,18374
2019-03,VIVO,STFC,18356
2020-05,TIM,SMP_Pré,18271
2018-05,VIVO,STFC,18236
2017-06,TIM,SMP_Pré,18166
2017-04,OI,SCM,18129
2018-06,CLARO,SMP_Pós,18076
2017-06,OI,SCM,18069
2019-10,VIVO,STFC,18020
2018-07,VIVO,STFC,17975
2018-05,VIVO,SMP_Pós,17914
2018-11,CLARO,SMP_Pós,17887
2018-08,VIVO,STFC,17829
2015-08,TIM,SMP_Pré,17786
2018-12,CLARO,SMP_Pós,17741
2016-04,SKY,SeAC,17723
2019-12,OI,STFC,17695
2019-07,TIM,SMP_Pré,17642
2017-11,VIVO,STFC,17634
2019-03,VIVO,SMP_Pós,17633
2017-12,CLARO,SMP_Pós,17588
2018-07,TIM,SMP_Pré,17539
2019-05,VIVO,SMP_Pós,17531
2018-04,TIM,SMP_Pré,17503
2015-09,TIM,SMP_Pré,17496
2018-11,VIVO,STFC,17494
2018-09,CLARO,SMP_Pós,17454
2018-10,VIVO,SMP_Pós,17398
2018-05,TIM,SMP_Pré,17380
2017-03,SKY,SeAC,17327
2018-01,OI,SCM,17241
2018-11,TIM,SMP_Pré,17232
2016-06,OI,SMP_Pós,17219
2019-08,VIVO,STFC,17125
2017-09,VIVO,STFC,17121
2018-02,VIVO,SMP_Pós,17057
2017-02,TIM,SMP_Pré,17052
2015-10,TIM,SMP_Pré,17035
2020-02,VIVO,SMP_Pós,16978
2020-04,TIM,SMP_Pré,16952
2015-07,NEXTEL,SMP_Pós,16923
2018-09,VIVO,STFC,16892
2016-03,OI,SMP_Pós,16869
2020-02,OI,STFC,16834
2018-08,VIVO,SMP_Pós,16785
2020-01,TIM,SMP_Pré,16743
2017-05,SKY,SeAC,16726
2017-09,OI,SCM,16721
2018-07,VIVO,SMP_Pós,16696
2020-05,OI,STFC,16688
2018-06,VIVO,STFC,16687
2015-09,OI,SMP_Pós,16586
2015-01,OI,SCM,16564
2019-11,CLARO,SMP_Pós,16459
2015-02,CLARO,SMP_Pós,16445
2019-04,VIVO,SMP_Pós,16444
2015-08,CLARO,SMP_Pré,16431
2018-02,VIVO,STFC,16411
2017-04,VIVO,STFC,16393
2015-07,VIVO,SCM,16384
2019-11,OI,STFC,16355
2020-01,VIVO,STFC,16347
2018-03,OI,SCM,16336
2020-03,VIVO,SCM,16326
2019-04,TIM,SMP_Pré,16317
2016-04,OI,SMP_Pós,16305
2017-06,SKY,SeAC,16267
2019-08,TIM,SMP_Pré,16207
2019-09,VIVO,STFC,16174
2016-05,OI,SMP_Pós,16145
2017-11,OI,SCM,16125
2020-02,TIM,SMP_Pré,16067
2019-06,CLARO,SMP_Pós,16065
2020-04,OI,STFC,16056
2015-04,VIVO,SCM,16037
2020-01,CLARO,SCM,15974
2017-12,VIVO,STFC,15960
2018-06,VIVO,SMP_Pós,15889
2017-05,NET,SeAC,15885
2020-05,VIVO,SCM,15836
2016-01,OI,SMP_Pós,15765
2018-12,VIVO,STFC,15754
2020-03,TIM,SMP_Pré,15731
2017-08,NET,SeAC,15721
2016-08,OI,SMP_Pós,15680
2016-05,SKY,SeAC,15667
2018-11,VIVO,SMP_Pós,15555
2019-05,TIM,SMP_Pré,15549
2016-03,VIVO,SCM,15478
2015-06,NEXTEL,SMP_Pós,15454
2019-02,TIM,SMP_Pré,15442
2019-06,VIVO,SMP_Pós,15437
2015-12,OI,SMP_Pós,15416
2017-03,OI,SMP_Pós,15373
2019-06,VIVO,STFC,15371
2015-11,OI,SMP_Pós,15350
2015-09,VIVO,SCM,15234
2018-12,TIM,SMP_Pré,15227
2017-07,NET,SeAC,15209
2015-10,VIVO,SCM,15187
2017-07,SKY,SeAC,15180
2019-01,NET,SeAC,15167
2016-07,OI,SMP_Pós,15115
2018-12,VIVO,SMP_Pós,15052
2017-01,VIVO,SCM,15047
2016-03,NET,SeAC,15038
2018-06,TIM,SMP_Pré,15020
2017-08,OI,SMP_Pós,14972
2018-09,TIM,SMP_Pré,14924
2019-10,VIVO,SCM,14881
2018-04,OI,SCM,14872
2015-10,OI,SMP_Pós,14855
2020-04,VIVO,SCM,14845
2019-03,TIM,SMP_Pré,14762
2017-08,SKY,SeAC,14759
2016-02,VIVO,SCM,14759
2017-12,OI,SCM,14750
2015-01,VIVO,STFC,14744
2020-03,VIVO,STFC,14724
2020-01,VIVO,SCM,14698
2020-02,CLARO,SCM,14695
2016-06,SKY,SeAC,14690
2017-06,NET,SeAC,14646
2018-09,VIVO,SMP_Pós,14633
2016-01,VIVO,SCM,14595
2015-07,NET,STFC,14592
2017-03,VIVO,SCM,14591
2018-02,OI,SCM,14543
2015-08,VIVO,SCM,14523
2015-02,TIM,SMP_Pós,14489
2015-05,NEXTEL,SMP_Pós,14449
2018-01,SKY,SeAC,14422
2015-05,VIVO,SCM,14418
2015-02,TIM,SMP_Pré,14326
2016-07,NEXTEL,SMP_Pós,14323
2015-06,VIVO,SCM,14296
2015-04,OI,SMP_Pós,14289
2015-03,OI,SMP_Pós,14269
2019-12,VIVO,STFC,14262
2019-01,VIVO,SCM,14260
2015-11,VIVO,SCM,14253
2015-06,NET,STFC,14218
2015-08,NEXTEL,SMP_Pós,14209
2018-05,OI,SCM,14159
2020-04,CLARO,SeAC,14136
2015-12,VIVO,SCM,14120
2016-08,NEXTEL,SMP_Pós,14040
2016-09,OI,SMP_Pós,14015
2016-08,SKY,SeAC,14001
2019-09,TIM,SMP_Pré,13966
2020-05,CLARO,SeAC,13937
2017-03,NET,SeAC,13934
2019-12,CLARO,SCM,13931
2016-04,VIVO,SCM,13922
2017-08,VIVO,SCM,13899
2017-12,SKY,SeAC,13875
2017-01,OI,SMP_Pós,13862
2019-07,VIVO,SCM,13839
2019-02,NET,SeAC,13837
2017-11,SKY,SeAC,13750
2017-05,OI,SMP_Pós,13707
2016-10,OI,SMP_Pós,13688
2016-11,VIVO,SCM,13667
2015-08,VIVO,SMP_Pré,13638
2015-09,NEXTEL,SMP_Pós,13637
2018-03,VIVO,SCM,13593
2016-07,SKY,SeAC,13589
2016-02,OI,SMP_Pós,13585
2016-08,VIVO,SCM,13567
2019-06,TIM,SMP_Pré,13557
2019-01,OI,SCM,13551
2016-01,NET,SeAC,13533
2019-11,VIVO,STFC,13514
2020-02,VIVO,STFC,13503
2019-03,NET,SeAC,13484
2019-05,VIVO,SCM,13468
2019-11,VIVO,SCM,13465
2015-01,SKY,SeAC,13463
2016-11,OI,SMP_Pós,13461
2017-10,NET,SeAC,13459
2019-08,VIVO,SCM,13453
2018-08,OI,SCM,13443
2019-09,VIVO,SCM,13423
2019-12,TIM,SMP_Pré,13423
2019-05,OI,SCM,13416
2015-05,NET,STFC,13392
2017-01,NET,SeAC,13391
2017-04,SKY,SeAC,13366
2016-02,NET,SeAC,13348
2019-04,VIVO,SCM,13339
2017-05,VIVO,SCM,13264
2017-10,OI,SMP_Pós,13261
2015-09,CLARO,SMP_Pré,13254
2015-10,CLARO,SMP_Pré,13248
2016-07,VIVO,SCM,13247
2020-01,OI,SMP_Pós,13192
2016-08,NET,SeAC,13179
2016-12,VIVO,SCM,13152
2015-01,CLARO,SMP_Pós,13130
2015-10,NEXTEL,SMP_Pós,13107
2018-07,OI,SCM,13045
2016-12,OI,SMP_Pós,12995
2016-03,NEXTEL,SMP_Pós,12986
2017-09,OI,SMP_Pós,12938
2019-12,VIVO,SCM,12929
2015-09,VIVO,SMP_Pré,12884
2016-06,VIVO,SCM,12876
2018-06,OI,SCM,12851
2015-12,CLARO,SMP_Pré,12826
2015-08,NET,STFC,12813
2015-02,VIVO,SCM,12808
2017-01,SKY,SeAC,12792
2020-04,OI,SCM,12766
2017-04,NET,SeAC,12761
2015-07,VIVO,SMP_Pré,12756
2018-01,NET,SeAC,12733
2019-04,OI,SCM,12726
2019-05,OI,SMP_Pós,12687
2019-07,OI,SMP_Pós,12667
2017-09,NET,SeAC,12614
2015-09,NET,STFC,12567
2019-03,VIVO,SCM,12514
2016-05,VIVO,SCM,12488
2017-11,NET,SeAC,12477
2016-03,VIVO,SMP_Pré,12467
2016-06,NET,SeAC,12463
2019-07,OI,SCM,12438
2017-07,VIVO,SCM,12433
2017-02,VIVO,SCM,12426
2015-01,TIM,SMP_Pós,12400
2018-08,NET,SeAC,12398
2016-10,VIVO,SCM,12389
2019-08,OI,SMP_Pós,12382
2015-10,NET,STFC,12376
2016-09,VIVO,SCM,12374
2020-02,VIVO,SCM,12366
2018-10,NET,SeAC,12358
2020-05,OI,SCM,12348
2019-10,OI,SMP_Pós,12347
2019-03,OI,SCM,12329
2019-10,TIM,SMP_Pré,12325
2015-05,CLARO,SMP_Pré,12284
2018-04,VIVO,SCM,12284
2018-07,NET,SeAC,12280
2016-07,NET,SeAC,12238
2019-01,NET,SCM,12221
2015-04,CLARO,SMP_Pré,12218
2018-01,VIVO,SCM,12190
2015-11,CLARO,SMP_Pré,12189
2018-10,OI,SCM,12188
2018-03,NET,SeAC,12184
2019-02,VIVO,SCM,12180
2016-04,NET,SeAC,12161
2017-02,SKY,SeAC,12144
2016-11,NET,SeAC,12127
2016-11,SKY,SeAC,12116
2015-03,CLARO,SMP_Pré,12097
2018-05,VIVO,SCM,12095
2019-11,TIM,SMP_Pré,12088
2018-10,VIVO,SCM,12077
2016-06,NEXTEL,SMP_Pós,12074
2017-06,VIVO,SCM,12059
2016-05,NET,SeAC,12051
2018-05,NET,SeAC,12051
2016-12,VIVO,SMP_Pré,12046
2020-03,OI,SCM,12016
2020-05,VIVO,STFC,12010
2016-03,CLARO,SMP_Pré,11980
2020-01,OI,SCM,11975
2018-03,SKY,SeAC,11968
2015-06,CLARO,SMP_Pré,11957
2018-05,SKY,SeAC,11955
2019-02,OI,SCM,11947
2016-12,NET,SeAC,11947
2015-07,NET,SeAC,11903
2019-02,NET,SCM,11883
2017-07,OI,SMP_Pós,11860
2016-01,NET,STFC,11853
2015-09,NET,SeAC,11842
2018-09,NET,SeAC,11823
2017-11,OI,SMP_Pós,11822
2017-10,SKY,SeAC,11768
2017-09,SKY,SeAC,11750
2016-10,SKY,SeAC,11746
2019-04,NET,SeAC,11744
2017-10,VIVO,SCM,11737
2019-12,OI,SMP_Pós,11730
2016-09,SKY,SeAC,11709
2017-01,VIVO,SMP_Pré,11656
2019-01,OI,SMP_Pós,11655
2018-08,OI,SMP_Pós,11636
2018-01,OI,SMP_Pós,11635
2015-01,TIM,SMP_Pré,11632
2020-03,CLARO,SeAC,11606
2016-08,VIVO,SMP_Pré,11586
2016-10,NET,SeAC,11569
2019-03,NET,SCM,11564
2016-12,SKY,SeAC,11551
2017-09,VIVO,SCM,11548
2019-10,OI,SCM,11543
2017-02,OI,SMP_Pós,11528
2019-08,OI,SCM,11519
2018-04,SKY,SeAC,11511
2016-09,NET,SeAC,11490
2018-06,NET,SeAC,11489
2019-05,NET,SeAC,11482
2016-04,VIVO,SMP_Pré,11478
2019-04,OI,SMP_Pós,11478
2019-06,VIVO,SCM,11460
2018-04,NET,SeAC,11456
2015-11,NEXTEL,SMP_Pós,11452
2015-12,NET,SeAC,11440
2016-05,VIVO,SMP_Pré,11437
2017-06,OI,SMP_Pós,11436
2020-04,VIVO,STFC,11416
2020-05,OI,SMP_Pós,11373
2017-12,NET,SeAC,11372
2017-04,OI,SMP_Pós,11358
2018-11,NET,SeAC,11349
2016-11,VIVO,SMP_Pré,11337
2016-01,VIVO,SMP_Pré,11296
2015-05,NET,SeAC,11296
2019-10,SKY,SeAC,11293
2015-08,NET,SeAC,11291
2017-04,VIVO,SCM,11283
2019-09,OI,SMP_Pós,11272
2020-01,CLARO,SeAC,11256
2019-07,SKY,SeAC,11255
2018-11,OI,SCM,11234
2015-10,NET,SeAC,11227
2016-06,CLARO,SMP_Pré,11200
2015-11,NET,STFC,11177
2018-07,VIVO,SCM,11152
2017-11,VIVO,SCM,11137
2015-06,NET,SeAC,11133
2016-02,VIVO,SMP_Pré,11131
2018-10,OI,SMP_Pós,11127
2019-11,OI,SCM,11125
2015-12,VIVO,SMP_Pré,11107
2015-11,NET,SeAC,11107
2018-08,VIVO,SCM,11099
2019-07,NET,SeAC,11086
2017-02,NET,SeAC,11068
2015-03,VIVO,SMP_Pré,11050
2015-06,VIVO,SMP_Pré,11045
2018-07,SKY,SeAC,11017
2016-05,NEXTEL,SMP_Pós,10999
2018-09,VIVO,SCM,10996
2019-10,NET,SCM,10994
2017-01,NEXTEL,SMP_Pós,10985
2019-03,OI,SMP_Pós,10952
2019-12,OI,SCM,10914
2018-02,NET,SeAC,10897
2019-06,OI,SCM,10890
2016-01,CLARO,SMP_Pré,10889
2015-10,VIVO,SMP_Pré,10881
2019-11,OI,SMP_Pós,10880
2018-12,NET,SeAC,10855
2018-07,OI,SMP_Pós,10847
2015-04,NEXTEL,SMP_Pós,10833
2020-03,OI,SMP_Pós,10833
2016-02,NET,STFC,10824
2018-02,VIVO,SCM,10808
2019-09,OI,SCM,10801
2016-09,VIVO,SMP_Pré,10799
2019-07,NET,SCM,10785
2015-04,NET,STFC,10771
2018-11,VIVO,SCM,10771
2015-03,NET,SeAC,10759
2019-09,SKY,SeAC,10758
2018-05,OI,SMP_Pós,10689
2016-04,NEXTEL,SMP_Pós,10684
2020-04,OI,SMP_Pós,10676
2016-06,VIVO,SMP_Pré,10676
2019-05,NET,SCM,10662
2016-03,NET,STFC,10651
2017-05,NEXTEL,SMP_Pós,10618
2019-09,NET,SCM,10611
2019-02,OI,SMP_Pós,10609
2018-09,OI,SCM,10595
2019-06,OI,SMP_Pós,10592
2017-08,NET,STFC,10590
2018-10,SKY,SeAC,10583
2018-06,VIVO,SCM,10577
2018-12,OI,SCM,10559
2018-08,SKY,SeAC,10553
2016-10,VIVO,SMP_Pré,10544
2018-04,OI,SMP_Pós,10535
2015-12,NET,STFC,10533
2019-03,TIM,SCM,10532
2016-07,VIVO,SMP_Pré,10531
2019-04,NET,SCM,10520
2019-05,SKY,SeAC,10493
2018-03,OI,SMP_Pós,10490
2019-08,NET,SeAC,10484
2015-04,NET,SeAC,10482
2019-08,NET,SCM,10468
2018-06,SKY,SeAC,10462
2019-08,SKY,SeAC,10440
2019-10,NET,SeAC,10394
2018-12,VIVO,SCM,10385
2020-02,OI,SMP_Pós,10360
2015-11,VIVO,SMP_Pré,10340
2017-12,VIVO,SCM,10333
2019-09,NET,SeAC,10319
2019-12,CLARO,SeAC,10315
2017-08,NEXTEL,SMP_Pós,10312
2016-09,NEXTEL,SMP_Pós,10279
2020-02,OI,SCM,10264
2015-01,VIVO,SCM,10260
2018-09,OI,SMP_Pós,10194
2015-03,NEXTEL,SMP_Pós,10186
2017-03,NEXTEL,SMP_Pós,10095
2015-03,NET,STFC,10088
2017-12,OI,SMP_Pós,10072
2018-11,OI,SMP_Pós,10038
2018-02,SKY,SeAC,10028
2016-01,NEXTEL,SMP_Pós,9972
2019-04,SKY,SeAC,9943
2016-08,CLARO,SMP_Pré,9922
2018-12,CLARO,SeAC,9919
2015-02,OI,SMP_Pós,9875
2020-02,CLARO,SeAC,9841
2016-07,CLARO,SMP_Pré,9731
2019-01,SKY,SeAC,9702
2016-02,NEXTEL,SMP_Pós,9668
2020-01,SKY,SeAC,9667
2015-12,NEXTEL,SMP_Pós,9642
2016-10,NEXTEL,SMP_Pós,9629
2019-06,NET,SeAC,9626
2018-09,TIM,SCM,9570
2015-08,OI,SMP_Pré,9565
2019-12,SKY,SeAC,9562
2018-12,OI,SMP_Pós,9548
2018-06,OI,SMP_Pós,9548
2016-08,NET,STFC,9484
2016-12,NEXTEL,SMP_Pós,9483
2019-06,NET,SCM,9478
2016-11,NEXTEL,SMP_Pós,9476
2016-02,CLARO,SMP_Pré,9461
2019-01,TIM,SCM,9416
2017-06,NEXTEL,SMP_Pós,9400
2017-03,NET,STFC,9364
2015-05,VIVO,SMP_Pré,9333
2017-01,NET,STFC,9333
2018-02,OI,SMP_Pós,9299
2015-01,OI,SMP_Pós,9280
2015-04,NET,SCM,9278
2017-05,VIVO,SMP_Pré,9257
2020-04,CLARO,SMP_Pré,9243
2016-05,CLARO,SMP_Pré,9177
2016-10,NET,STFC,9156
2018-09,SKY,SeAC,9097
2019-06,SKY,SeAC,9037
2015-11,OI,SMP_Pré,9035
2015-07,OI,SMP_Pré,9001
2017-05,NET,STFC,8981
2016-09,NET,STFC,8960
2015-09,OI,SMP_Pré,8932
2017-03,VIVO,SMP_Pré,8928
2017-07,NEXTEL,SMP_Pós,8894
2019-03,SKY,SeAC,8867
2015-06,OI,SMP_Pré,8861
2019-01,CLARO,SeAC,8850
2019-11,SKY,SeAC,8848
2018-11,SKY,SeAC,8834
2017-10,NET,STFC,8775
2015-03,NET,SCM,8711
2016-11,NET,STFC,8683
2015-03,OI,SMP_Pré,8679
2015-05,NET,SCM,8673
2017-02,NEXTEL,SMP_Pós,8642
2018-11,NET,SCM,8604
2018-10,NET,SCM,8592
2019-02,SKY,SeAC,8586
2020-05,SKY,SeAC,8574
2017-09,NEXTEL,SMP_Pós,8573
2016-04,CLARO,SMP_Pré,8568
2019-04,TIM,SCM,8554
2015-12,OI,SMP_Pré,8539
2020-01,CLARO,SMP_Pré,8524
2018-12,NET,SCM,8510
2019-01,NET,STFC,8509
2015-04,VIVO,SMP_Pré,8498
2017-04,NEXTEL,SMP_Pós,8494
2018-08,NET,SCM,8431
2019-11,CLARO,SCM,8415
2020-05,CLARO,SMP_Pré,8413
2016-04,NET,STFC,8410
2019-02,TIM,SCM,8407
2020-03,TIM,SCM,8373
2016-12,NET,STFC,8365
2016-03,OI,SMP_Pré,8342
2016-09,CLARO,SMP_Pré,8324
2016-07,NET,STFC,8314
2020-03,SKY,SeAC,8294
2016-06,NET,STFC,8284
2016-05,NET,STFC,8281
2017-07,NET,STFC,8210
2017-09,NET,STFC,8201
2020-04,SKY,SeAC,8196
2017-11,NET,STFC,8194
2016-01,CLARO,SeAC,8166
2016-02,CLARO,SeAC,8162
2020-04,Outros,SCM,8131
2017-05,CLARO,SMP_Pré,8093
2018-07,NET,SCM,8083
2016-01,OI,SMP_Pré,8080
2018-03,NET,SCM,8073
2020-05,VIVO,SMP_Pré,8064
2015-02,CLARO,SMP_Pré,8046
2020-02,SKY,SeAC,7999
2018-01,NET,STFC,7976
2017-02,VIVO,SMP_Pré,7964
2017-08,NET,SCM,7941
2017-06,NET,STFC,7937
2017-03,CLARO,SMP_Pré,7906
2017-07,VIVO,SMP_Pré,7873
2018-05,NET,SCM,7869
2018-09,NET,SCM,7862
2020-04,VIVO,SMP_Pré,7829
2017-04,VIVO,SMP_Pré,7812
2020-03,Outros,SCM,7803
2017-08,VIVO,SMP_Pré,7783
2017-06,CLARO,SMP_Pré,7774
2015-02,NET,STFC,7753
2018-12,SKY,SeAC,7749
2017-05,NET,SCM,7744
2020-04,TIM,SCM,7721
2017-06,VIVO,SMP_Pré,7708
2017-10,NEXTEL,SMP_Pós,7702
2015-05,OI,SMP_Pré,7689
2018-04,NET,SCM,7677
2016-04,OI,SMP_Pré,7663
2015-02,NET,SeAC,7660
2017-10,NET,SCM,7652
2020-05,Outros,SCM,7642
2019-02,NET,STFC,7622
2015-03,CLARO,SeAC,7610
2015-10,OI,SMP_Pré,7570
2015-04,OI,SMP_Pré,7512
2015-07,NET,SCM,7493
2016-08,OI,SMP_Pré,7475
2017-07,NET,SCM,7475
2017-10,VIVO,SMP_Pré,7452
2016-03,CLARO,SeAC,7450
2018-01,NET,SCM,7427
2017-03,NET,SCM,7413
2015-06,NET,SCM,7394
2017-01,NET,SCM,7368
2017-09,VIVO,SMP_Pré,7358
2018-10,TIM,SCM,7349
2017-02,NET,STFC,7340
2018-03,VIVO,SMP_Pré,7316
2020-04,CLARO,STFC,7294
2015-05,CLARO,SeAC,7289
2018-06,NET,SCM,7285
2017-12,NET,STFC,7210
2016-03,Outros,Outros,7203
2018-03,NET,STFC,7165
2020-05,CLARO,STFC,7153
2017-01,CLARO,SMP_Pré,7148
2017-11,NET,SCM,7141
2016-03,NET,SCM,7104
2017-02,CLARO,SMP_Pré,7085
2020-03,VIVO,SMP_Pré,7084
2017-08,CLARO,SMP_Pré,7059
2015-02,VIVO,SMP_Pré,7016
2017-11,VIVO,SMP_Pré,6950
2015-02,OI,SMP_Pré,6940
2015-04,CLARO,SeAC,6934
2015-10,NET,SCM,6933
2018-04,NET,STFC,6922
2017-09,NET,SCM,6921
2016-01,NET,SCM,6885
2020-03,CLARO,STFC,6885
2016-02,OI,SMP_Pré,6881
2018-04,Outros,Outros,6875
2018-07,NET,STFC,6873
2019-03,NET,STFC,6862
2016-05,OI,SMP_Pré,6854
2015-09,NET,SCM,6854
2016-06,OI,SMP_Pré,6843
2016-10,CLARO,SMP_Pré,6839
2017-07,CLARO,SMP_Pré,6839
2017-04,NET,STFC,6837
2018-05,NET,STFC,6834
2018-11,TIM,SCM,6822
2015-08,NET,SCM,6809
2019-11,CLARO,SeAC,6808
2015-01,NET,SeAC,6792
2018-02,NET,SCM,6779
2015-07,CLARO,SeAC,6755
2016-11,CLARO,SMP_Pré,6724
2017-01,CLARO,SeAC,6723
2018-12,TIM,SCM,6715
2020-02,CLARO,SMP_Pré,6647
2019-05,TIM,SCM,6619
2015-12,CLARO,SeAC,6593
2017-04,NET,SCM,6574
2018-02,NET,STFC,6566
2019-05,NET,STFC,6562
2016-09,OI,SMP_Pré,6536
2017-06,NET,SCM,6522
2018-08,NET,STFC,6516
2016-11,CLARO,SeAC,6507
2020-01,CLARO,STFC,6501
2018-01,VIVO,SMP_Pré,6492
2017-12,NET,SCM,6466
2017-12,VIVO,SMP_Pré,6460
2016-12,CLARO,SMP_Pré,6443
2020-03,CLARO,SMP_Pré,6439
2019-09,VIVO,SMP_Pré,6437
2015-06,CLARO,SeAC,6430
2019-04,NET,STFC,6398
2016-02,NET,SCM,6378
2016-11,NET,SCM,6377
2018-06,NET,STFC,6376
2019-11,VIVO,SMP_Pré,6374
2020-01,VIVO,SMP_Pré,6370
2017-01,OI,SMP_Pré,6357
2020-02,VIVO,SMP_Pré,6336
2018-10,OI,SMP_Pré,6302
2019-07,NET,STFC,6299
2016-12,NET,SCM,6289
2016-08,NET,SCM,6285
2017-03,Outros,Outros,6279
2019-10,VIVO,SMP_Pré,6268
2015-02,NEXTEL,SMP_Pós,6260
2015-11,NET,SCM,6239
2018-01,NEXTEL,SMP_Pós,6236
2018-10,NET,STFC,6236
2018-04,VIVO,SMP_Pré,6219
2016-07,OI,SMP_Pré,6209
2019-12,VIVO,SMP_Pré,6196
2019-12,CLARO,SMP_Pré,6185
2016-07,NET,SCM,6158
2017-11,NEXTEL,SMP_Pós,6152
2017-09,CLARO,SMP_Pré,6146
2017-02,NET,SCM,6136
2016-08,CLARO,SeAC,6115
2015-12,NET,SCM,6113
2015-11,CLARO,SeAC,6111
2018-03,Outros,Outros,6106
2016-06,NET,SCM,6098
2019-07,VIVO,SMP_Pré,6075
2018-12,NET,STFC,6074
2015-03,OI,SeAC,6053
2016-10,NET,SCM,6045
2016-12,OI,SMP_Pré,6022
2015-10,CLARO,SeAC,6012
2015-01,NET,STFC,6009
2016-11,OI,SMP_Pré,6008
2016-03,OI,SeAC,5962
2016-05,NET,SCM,5956
2020-01,OI,SMP_Pré,5956
2019-12,OI,SMP_Pré,5951
2020-05,OI,SMP_Pré,5941
2016-04,Outros,Outros,5938
2018-02,VIVO,SMP_Pré,5923
2016-04,CLARO,SeAC,5921
2017-04,CLARO,SMP_Pré,5917
2016-12,CLARO,SeAC,5916
2018-05,OI,SMP_Pré,5896
2016-09,CLARO,SeAC,5888
2016-04,NET,SCM,5868
2016-10,CLARO,SeAC,5867
2018-04,OI,SMP_Pré,5860
2016-10,OI,SMP_Pré,5837
2017-03,CLARO,SeAC,5832
2018-10,VIVO,SMP_Pré,5830
2020-02,TIM,SCM,5821
2018-01,OI,SMP_Pré,5821
2020-02,CLARO,STFC,5812
2019-07,TIM,SCM,5812
2017-10,CLARO,SMP_Pré,5810
2016-09,NET,SCM,5781
2019-01,CLARO,SMP_Pré,5775
2018-11,NET,STFC,5745
2017-08,Outros,Outros,5712
2019-08,NET,STFC,5703
2015-02,NET,SCM,5700
2019-08,VIVO,SMP_Pré,5693
2018-08,VIVO,SMP_Pré,5693
2018-08,TIM,SCM,5655
2019-02,VIVO,SMP_Pré,5647
2015-09,CLARO,SeAC,5631
2019-11,OI,SMP_Pré,5591
2019-01,VIVO,SMP_Pré,5554
2016-06,Outros,Outros,5553
2019-05,VIVO,SMP_Pré,5542
2015-07,Outros,Outros,5521
2015-08,CLARO,SeAC,5520
2017-03,OI,SMP_Pré,5499
2018-09,NET,STFC,5494
2016-07,CLARO,SeAC,5485
2016-07,Outros,Outros,5477
2019-06,NET,STFC,5473
2020-05,TIM,SCM,5466
2016-06,OI,SeAC,5454
2020-04,OI,SMP_Pré,5453
2017-08,OI,SMP_Pré,5439
2016-05,Outros,Outros,5432
2020-01,TIM,SCM,5424
2019-07,OI,SMP_Pré,5388
2016-05,CLARO,SeAC,5384
2016-02,Outros,Outros,5371
2017-10,OI,SMP_Pré,5369
2018-08,OI,SMP_Pré,5361
2019-10,NET,STFC,5353
2019-10,OI,SMP_Pré,5344
2019-08,CLARO,SMP_Pré,5335
2017-05,CLARO,SeAC,5327
2019-07,CLARO,SMP_Pré,5324
2017-02,OI,SMP_Pré,5318
2018-03,NEXTEL,SMP_Pós,5317
2018-03,CLARO,SMP_Pré,5308
2017-11,CLARO,SMP_Pré,5299
2018-07,OI,SMP_Pré,5298
2019-02,CLARO,SeAC,5295
2019-09,NET,STFC,5294
2015-01,OI,SMP_Pré,5284
2016-02,OI,SeAC,5268
2019-05,OI,SMP_Pré,5268
2016-01,Outros,Outros,5264
2019-08,OI,SMP_Pré,5259
2017-05,OI,SMP_Pré,5245
2016-05,OI,SeAC,5239
2016-08,Outros,Outros,5210
2020-03,OI,SMP_Pré,5207
2015-04,OI,SeAC,5203
2016-06,CLARO,SeAC,5195
2019-09,CLARO,SMP_Pré,5173
2018-07,VIVO,SMP_Pré,5166
2018-11,OI,SMP_Pré,5165
2018-01,CLARO,SMP_Pré,5158
2019-06,TIM,SCM,5151
2019-03,CLARO,SMP_Pré,5139
2018-03,OI,SMP_Pré,5122
2016-04,OI,SeAC,5118
2015-05,OI,SeAC,5106
2017-12,NEXTEL,SMP_Pós,5095
2016-08,OI,SeAC,5093
2017-11,OI,SMP_Pré,5088
2018-05,VIVO,SMP_Pré,5084
2018-01,Outros,Outros,5073
2015-03,Outros,Outros,5063
2015-09,OI,SeAC,5058
2018-04,NEXTEL,SMP_Pós,5049
2019-01,OI,SMP_Pré,5044
2018-02,CLARO,SMP_Pré,5042
2019-09,OI,SMP_Pré,5019
2019-04,CLARO,SMP_Pré,4996
2019-06,VIVO,SMP_Pré,4992
2017-07,Outros,Outros,4991
2017-12,OI,SMP_Pré,4983
2015-07,OI,SeAC,4977
2020-01,Outros,SCM,4969
2017-10,Outros,Outros,4967
2018-11,VIVO,SMP_Pré,4967
2019-04,OI,SMP_Pré,4959
2018-09,VIVO,SMP_Pré,4942
2019-05,CLARO,SMP_Pré,4939
2016-01,OI,SeAC,4937
2015-06,Outros,Outros,4924
2018-02,NEXTEL,SMP_Pós,4908
2018-04,CLARO,SMP_Pré,4907
2019-04,VIVO,SMP_Pré,4906
2017-07,OI,SMP_Pré,4902
2015-01,NEXTEL,SMP_Pós,4894
2017-01,OI,SeAC,4889
2018-09,OI,SMP_Pré,4884
2015-02,CLARO,SeAC,4874
2020-02,OI,SMP_Pré,4867
2019-02,CLARO,SMP_Pré,4861
2017-09,OI,SMP_Pré,4856
2015-12,OI,SeAC,4854
2018-05,NEXTEL,SMP_Pós,4849
2015-01,CLARO,SMP_Pré,4847
2019-09,TIM,SCM,4846
2017-03,OI,SeAC,4840
2015-10,OI,SeAC,4840
2019-03,VIVO,SMP_Pré,4836
2019-10,CLARO,SMP_Pré,4830
2019-12,TIM,SCM,4821
2019-11,CLARO,SMP_Pré,4812
2019-08,TIM,SCM,4809
2018-06,OI,SMP_Pré,4800
2015-09,Outros,Outros,4798
2017-02,CLARO,SeAC,4795
2020-02,Outros,SCM,4792
2019-03,Outros,Outros,4771
2019-01,Outros,Outros,4747
2015-06,OI,SeAC,4739
2018-06,VIVO,SMP_Pré,4726
2015-05,Outros,Outros,4725
2017-05,Outros,Outros,4722
2015-08,OI,SeAC,4704
2019-02,OI,SMP_Pré,4683
2017-04,Outros,Outros,4680
2019-07,Outros,Outros,4674
2015-01,VIVO,SMP_Pré,4672
2016-09,Outros,Outros,4668
2016-12,OI,SeAC,4662
2015-12,Outros,Outros,4661
2018-05,Outros,Outros,4658
2020-01,NEXTEL,SMP_Pós,4656
2015-08,Outros,Outros,4656
2017-12,CLARO,SMP_Pré,4648
2015-01,NET,SCM,4640
2015-10,Outros,Outros,4628
2017-09,Outros,Outros,4628
2017-04,CLARO,SeAC,4621
2015-11,Outros,Outros,4619
2018-08,NEXTEL,SMP_Pós,4614
2015-04,Outros,Outros,4610
2018-07,CLARO,SMP_Pré,4609
2019-06,OI,SMP_Pré,4604
2017-06,OI,SMP_Pré,4595
2017-01,Outros,Outros,4589
2017-04,OI,SMP_Pré,4584
2016-07,OI,SeAC,4562
2019-10,TIM,SCM,4553
2018-12,OI,SMP_Pré,4552
2018-10,Outros,Outros,4551
2017-11,Outros,Outros,4526
2016-11,OI,SeAC,4494
2017-06,Outros,Outros,4489
2018-05,CLARO,SMP_Pré,4472
2019-03,OI,SMP_Pré,4463
2019-12,CLARO,STFC,4445
2018-08,Outros,Outros,4440
2015-11,OI,SeAC,4423
2018-12,VIVO,SMP_Pré,4417
2018-02,Outros,Outros,4397
2018-02,OI,SMP_Pré,4367
2016-10,OI,SeAC,4351
2018-07,NEXTEL,SMP_Pós,4350
2019-11,TIM,SCM,4347
2017-08,CLARO,SeAC,4347
2019-12,Outros,SCM,4345
2020-05,Outros,Outros,4328
2018-08,CLARO,SMP_Pré,4326
2018-12,CLARO,SMP_Pré,4325
2019-08,Outros,Outros,4312
2016-09,OI,SeAC,4311
2018-06,CLARO,SMP_Pré,4308
2017-10,CLARO,SeAC,4265
2016-11,Outros,Outros,4249
2019-06,CLARO,SMP_Pré,4248
2017-07,CLARO,SeAC,4244
2017-06,CLARO,SeAC,4232
2019-10,NEXTEL,SMP_Pós,4231
2018-10,NEXTEL,SMP_Pós,4215
2018-01,CLARO,SeAC,4212
2019-03,CLARO,SeAC,4190
2016-10,Outros,Outros,4189
2019-02,Outros,Outros,4189
2020-04,NEXTEL,SMP_Pós,4184
2019-10,Outros,Outros,4181
2019-04,Outros,Outros,4143
2018-11,CLARO,SMP_Pré,4134
2017-12,Outros,Outros,4133
2018-06,NEXTEL,SMP_Pós,4122
2016-12,Outros,Outros,4108
2018-07,Outros,Outros,4105
2018-04,TIM,SCM,4069
2019-05,Outros,Outros,4065
2019-07,NEXTEL,SMP_Pós,4056
2019-08,NEXTEL,SMP_Pós,4044
2020-04,Outros,Outros,4029
2018-11,NEXTEL,SMP_Pós,4002
2017-11,CLARO,SeAC,3994
2018-07,TIM,SCM,3981
2018-06,Outros,Outros,3978
2018-09,Outros,Outros,3972
2018-10,CLARO,SMP_Pré,3965
2018-09,NEXTEL,SMP_Pós,3960
2018-11,Outros,Outros,3960
2019-11,NET,SCM,3954
2019-01,NEXTEL,SMP_Pós,3944
2019-09,NEXTEL,SMP_Pós,3930
2017-08,OI,SeAC,3927
2017-05,OI,SeAC,3919
2019-09,Outros,Outros,3888
2019-01,Outros,SCM,3879
2015-03,VIVO,SeAC,3858
2017-02,OI,SeAC,3844
2019-12,NEXTEL,SMP_Pós,3818
2018-03,TIM,SCM,3803
2017-09,CLARO,SeAC,3776
2017-02,Outros,Outros,3745
2018-12,Outros,Outros,3743
2020-05,NEXTEL,SMP_Pós,3721
2018-11,CLARO,SeAC,3709
2019-11,NET,SeAC,3705
2018-09,CLARO,SMP_Pré,3699
2017-10,OI,SeAC,3679
2015-01,CLARO,SeAC,3678
2019-03,NEXTEL,SMP_Pós,3646
2018-05,TIM,SCM,3604
2019-01,VIVO,SeAC,3584
2019-10,Outros,SCM,3577
2019-06,Outros,Outros,3561
2019-11,Outros,Outros,3557
2020-03,Outros,Outros,3542
2019-11,NEXTEL,SMP_Pós,3536
2019-07,Outros,SCM,3528
2020-01,Outros,Outros,3526
2017-04,OI,SeAC,3497
2019-04,CLARO,SeAC,3473
2019-02,NEXTEL,SMP_Pós,3469
2020-02,NEXTEL,SMP_Pós,3465
2019-04,NEXTEL,SMP_Pós,3465
2020-03,NEXTEL,SMP_Pós,3451
2015-04,VIVO,SeAC,3445
2016-07,TIM,SCM,3396
2019-05,NEXTEL,SMP_Pós,3390
2018-07,CLARO,SeAC,3389
2017-07,OI,SeAC,3379
2018-03,CLARO,SeAC,3374
2019-03,Outros,SCM,3371
2019-09,Outros,SCM,3365
2018-12,NEXTEL,SMP_Pós,3353
2019-06,NEXTEL,SMP_Pós,3347
2017-09,OI,SeAC,3316
2017-06,OI,SeAC,3300
2018-08,CLARO,SeAC,3298
2019-07,CLARO,SeAC,3296
2018-02,TIM,SCM,3288
2019-08,Outros,SCM,3282
2017-12,CLARO,SeAC,3280
2019-05,CLARO,SeAC,3280
2018-10,CLARO,SeAC,3280
2015-02,OI,SeAC,3278
2017-08,VIVO,SeAC,3260
2015-07,VIVO,SeAC,3233
2015-01,VIVO,SeAC,3224
2018-01,TIM,SCM,3214
2019-02,Outros,SCM,3213
2019-11,Outros,SCM,3211
2018-04,CLARO,SeAC,3184
2020-02,Outros,Outros,3160
2017-03,VIVO,SeAC,3143
2017-11,TIM,SCM,3143
2018-05,CLARO,SeAC,3134
2015-10,VIVO,SeAC,3128
2019-05,VIVO,SeAC,3125
2018-02,CLARO,SeAC,3121
2017-11,OI,SeAC,3111
2019-07,VIVO,SeAC,3103
2018-03,VIVO,SeAC,3102
2019-05,Outros,SCM,3097
2019-03,VIVO,SeAC,3097
2017-12,TIM,SCM,3094
2019-10,VIVO,SeAC,3089
2018-01,OI,SeAC,3076
2019-04,VIVO,SeAC,3075
2015-05,VIVO,SeAC,3067
2019-08,CLARO,SeAC,3060
2018-06,TIM,SCM,3052
2015-02,Outros,Outros,3041
2017-05,VIVO,SeAC,3040
2018-04,VIVO,SeAC,3033
2015-06,VIVO,SeAC,3027
2018-12,Outros,SCM,3022
2019-06,Outros,SCM,3022
2015-02,VIVO,SeAC,3020
2019-08,OI,SeAC,3013
2016-02,TIM,SCM,3001
2018-06,CLARO,SeAC,2985
2018-05,VIVO,SeAC,2968
2017-01,VIVO,SeAC,2962
2019-07,OI,SeAC,2949
2019-02,VIVO,SeAC,2934
2018-10,Outros,SCM,2933
2018-10,VIVO,SeAC,2930
2019-04,Outros,SCM,2925
2015-09,VIVO,SeAC,2910
2018-07,VIVO,SeAC,2906
2018-09,CLARO,SeAC,2891
2020-01,OI,SeAC,2874
2019-09,VIVO,SeAC,2853
2016-03,VIVO,SeAC,2853
2016-08,VIVO,SeAC,2847
2018-03,OI,SeAC,2809
2018-08,OI,SeAC,2790
2019-12,Outros,Outros,2788
2019-01,OI,SeAC,2785
2016-06,TIM,SCM,2778
2019-08,VIVO,SeAC,2778
2018-11,Outros,SCM,2776
2018-08,VIVO,SeAC,2774
2019-09,OI,SeAC,2765
2018-07,Outros,SCM,2763
2019-06,CLARO,SeAC,2753
2018-09,VIVO,SeAC,2734
2018-11,VIVO,SeAC,2731
2018-08,Outros,SCM,2727
2016-04,VIVO,SeAC,2724
2019-05,OI,SeAC,2723
2019-04,OI,SeAC,2721
2018-06,VIVO,SeAC,2716
2019-10,OI,SeAC,2701
2018-01,VIVO,SeAC,2698
2017-07,VIVO,SeAC,2691
2015-11,VIVO,SeAC,2690
2018-12,VIVO,SeAC,2688
2017-12,OI,SeAC,2682
2016-01,VIVO,SeAC,2679
2015-08,VIVO,SeAC,2677
2019-03,OI,SeAC,2663
2019-06,VIVO,SeAC,2662
2017-09,TIM,SCM,2649
2019-11,VIVO,SeAC,2632
2017-04,VIVO,SeAC,2632
2018-10,OI,SeAC,2620
2019-11,OI,SeAC,2594
2015-12,VIVO,SeAC,2592
2016-07,VIVO,SeAC,2592
2016-11,VIVO,SeAC,2585
2016-02,VIVO,SeAC,2579
2017-06,TIM,SCM,2569
2017-02,VIVO,SeAC,2568
2019-11,CLARO,STFC,2562
2016-09,VIVO,SeAC,2553
2018-04,OI,SeAC,2540
2017-06,VIVO,SeAC,2530
2019-10,CLARO,SeAC,2524
2017-10,TIM,SCM,2518
2019-12,OI,SeAC,2509
2018-09,Outros,SCM,2507
2019-01,TIM,STFC,2501
2017-10,VIVO,SeAC,2499
2020-01,VIVO,SeAC,2483
2018-07,OI,SeAC,2480
2016-12,VIVO,SeAC,2477
2018-05,OI,SeAC,2464
2015-01,OI,SeAC,2461
2018-09,OI,SeAC,2460
2015-01,Outros,Outros,2458
2016-05,VIVO,SeAC,2457
2019-02,OI,SeAC,2455
2017-09,VIVO,SeAC,2454
2019-09,CLARO,SeAC,2448
2018-02,VIVO,SeAC,2445
2018-02,OI,SeAC,2376
2018-11,OI,SeAC,2368
2016-06,VIVO,SeAC,2358
2019-12,VIVO,SeAC,2352
2020-03,OI,SeAC,2350
2016-08,TIM,SCM,2348
2018-12,OI,SeAC,2308
2020-05,HUGHES,SCM,2305
2016-10,VIVO,SeAC,2292
2018-11,TIM,STFC,2285
2016-04,Outros,SCM,2272
2017-11,VIVO,SeAC,2269
2019-06,OI,SeAC,2266
2018-06,OI,SeAC,2258
2017-08,TIM,SCM,2250
2020-02,OI,SeAC,2235
2019-04,TIM,STFC,2235
2019-03,TIM,STFC,2230
2020-03,VIVO,SeAC,2229
2019-05,TIM,STFC,2224
2020-02,VIVO,SeAC,2219
2018-10,TIM,STFC,2195
2020-05,VIVO,SeAC,2192
2020-04,OI,SeAC,2180
2020-05,OI,SeAC,2148
2018-06,Outros,SCM,2144
2019-02,TIM,STFC,2117
2018-09,TIM,STFC,2082
2017-12,Outros,SCM,2054
2017-12,VIVO,SeAC,2046
2018-01,Outros,SCM,2009
2017-07,TIM,SCM,1977
2017-01,TIM,SCM,1966
2017-11,Outros,SCM,1950
2018-12,TIM,STFC,1942
2017-01,Outros,SCM,1932
2017-03,Outros,SCM,1913
2016-09,TIM,SCM,1911
2020-04,VIVO,SeAC,1896
2017-10,Outros,SCM,1896
2018-03,Outros,SCM,1864
2017-08,Outros,SCM,1822
2019-07,TIM,STFC,1821
2020-03,TIM,STFC,1812
2017-07,Outros,SCM,1801
2017-05,Outros,SCM,1784
2016-10,TIM,SCM,1772
2018-08,TIM,STFC,1756
2018-02,Outros,SCM,1748
2019-08,TIM,STFC,1725
2016-11,TIM,SCM,1718
2017-05,TIM,SCM,1675
2016-05,TIM,SCM,1671
2016-02,Outros,SCM,1670
2019-10,TIM,STFC,1667
2019-11,NET,STFC,1667
2018-04,TIM,STFC,1665
2018-03,TIM,STFC,1662
2020-01,TIM,STFC,1644
2016-03,TIM,SCM,1630
2019-09,TIM,STFC,1627
2016-01,TIM,SCM,1617
2017-06,Outros,SCM,1614
2017-09,Outros,SCM,1591
2016-05,Outros,SCM,1587
2018-07,TIM,STFC,1584
2016-08,Outros,SCM,1578
2017-02,Outros,SCM,1571
2019-06,TIM,STFC,1549
2016-12,Outros,SCM,1548
2016-01,Outros,SCM,1544
2016-07,Outros,SCM,1538
2016-03,Outros,SCM,1533
2016-11,Outros,SCM,1518
2018-05,TIM,STFC,1493
2017-02,TIM,SCM,1486
2020-02,TIM,STFC,1485
2017-03,TIM,SCM,1474
2015-06,Outros,SCM,1472
2017-08,TIM,STFC,1466
2015-09,Outros,SCM,1466
2016-12,TIM,SCM,1453
2018-05,Outros,SCM,1445
2017-06,TIM,STFC,1444
2015-07,Outros,SCM,1444
2016-09,Outros,SCM,1437
2017-12,TIM,STFC,1434
2017-10,TIM,STFC,1427
2016-06,Outros,SCM,1424
2018-01,TIM,STFC,1424
2015-12,TIM,SCM,1415
2016-08,TIM,STFC,1396
2015-12,Outros,SCM,1385
2020-04,TIM,STFC,1382
2015-10,TIM,SCM,1369
2019-12,TIM,STFC,1365
2015-11,Outros,SCM,1362
2017-11,TIM,STFC,1360
2017-04,Outros,SCM,1347
2017-05,TIM,STFC,1345
2016-04,TIM,SCM,1343
2016-10,Outros,SCM,1334
2019-11,TIM,STFC,1311
2018-06,TIM,STFC,1308
2018-04,Outros,SCM,1306
2015-11,TIM,SCM,1301
2015-10,Outros,SCM,1275
2015-08,Outros,SCM,1263
2017-07,TIM,STFC,1259
2015-05,Outros,SCM,1251
2018-02,TIM,STFC,1250
2017-05,SKY,SCM,1249
2018-08,SKY,SCM,1248
2016-07,TIM,STFC,1248
2017-03,SKY,SCM,1224
2017-01,TIM,STFC,1223
2020-05,TIM,STFC,1217
2017-08,SKY,SCM,1206
2017-09,TIM,STFC,1205
2015-03,Outros,SCM,1200
2016-06,TIM,STFC,1198
2017-04,TIM,SCM,1196
2016-11,TIM,STFC,1194
2015-04,Outros,SCM,1191
2016-12,TIM,STFC,1185
2019-01,SKY,SCM,1178
2017-03,TIM,STFC,1171
2018-07,SKY,SCM,1165
2016-09,TIM,STFC,1159
2020-04,HUGHES,SCM,1146
2016-10,TIM,STFC,1131
2016-07,SKY,SCM,1122
2018-01,SKY,SCM,1110
2019-07,ALGAR,SCM,1095
2019-01,ALGAR,SCM,1078
2015-07,SKY,SCM,1056
2016-08,SKY,SCM,1049
2019-02,SKY,SCM,1043
2018-10,SKY,SCM,1040
2017-02,TIM,STFC,1034
2019-03,SKY,SCM,1031
2016-01,SKY,SCM,1020
2015-03,TIM,SCM,1008
2017-07,SKY,SCM,1004
2019-05,SKY,SCM,1001
2017-10,SKY,SCM,999
2017-04,SKY,SCM,992
2017-01,SKY,SCM,986
2018-05,SKY,SCM,980
2016-06,SKY,SCM,969
2018-09,SKY,SCM,961
2020-05,SKY,SCM,950
2019-04,SKY,SCM,948
2016-05,TIM,STFC,943
2015-02,Outros,SCM,938
2018-11,SKY,SCM,936
2017-04,TIM,STFC,935
2015-07,TIM,SCM,927
2017-02,SKY,SCM,927
2018-06,SKY,SCM,924
2018-12,ALGAR,SCM,923
2016-11,SKY,SCM,923
2017-06,SKY,SCM,921
2020-04,SKY,SCM,919
2017-12,SKY,SCM,917
2020-03,ALGAR,SCM,916
2020-01,ALGAR,SCM,912
2016-03,SKY,SCM,910
2018-03,SKY,SCM,907
2016-10,SKY,SCM,907
2015-12,SKY,SCM,906
2017-09,SKY,SCM,904
2019-12,ALGAR,SCM,904
2020-05,ALGAR,SCM,903
2018-11,ALGAR,SCM,897
2020-04,ALGAR,SCM,897
2018-12,SKY,SCM,895
2016-02,SKY,SCM,894
2015-06,TIM,SCM,893
2019-11,ALGAR,SCM,893
2015-09,SKY,SCM,889
2015-10,SKY,SCM,885
2017-11,SKY,SCM,884
2018-04,SKY,SCM,881
2015-01,Outros,SCM,877
2019-07,SKY,SCM,876
2015-09,TIM,SCM,875
2019-10,ALGAR,SCM,873
2016-03,TIM,STFC,865
2015-08,TIM,SCM,854
2016-09,SKY,SCM,847
2016-04,TIM,STFC,845
2015-11,TIM,STFC,838
2018-02,SKY,SCM,826
2015-02,TIM,SCM,824
2016-12,SKY,SCM,815
2019-03,ALGAR,SCM,811
2020-02,ALGAR,SCM,810
2019-08,ALGAR,SCM,801
2019-06,SKY,SCM,798
2015-08,SKY,SCM,795
2019-08,SKY,SCM,789
2020-03,SKY,SCM,777
2015-05,TIM,SCM,774
2020-01,SKY,SCM,758
2015-11,SKY,SCM,755
2019-05,ALGAR,SCM,754
2019-09,ALGAR,SCM,748
2015-09,TIM,STFC,748
2019-06,ALGAR,SCM,747
2016-01,TIM,STFC,735
2015-01,TIM,SCM,718
2015-07,TIM,STFC,716
2019-07,ALGAR,STFC,713
2016-04,SKY,SCM,702
2019-12,SKY,SCM,696
2015-10,TIM,STFC,691
2019-04,ALGAR,SCM,688
2019-09,SKY,SCM,685
2019-11,SKY,SCM,683
2015-04,TIM,SCM,683
2019-10,SKY,SCM,680
2016-05,SKY,SCM,678
2015-08,TIM,STFC,676
2020-02,SKY,SCM,670
2016-02,TIM,STFC,667
2019-02,ALGAR,SCM,665
2015-12,TIM,STFC,658
2015-06,TIM,STFC,636
2019-01,ALGAR,STFC,631
2015-04,SKY,SCM,606
2018-08,ALGAR,SCM,590
2015-06,SKY,SCM,589
2019-02,Outros,STFC,582
2018-10,ALGAR,SCM,580
2019-01,Outros,SMP_Pós,569
2015-05,SKY,SCM,564
2019-10,ALGAR,STFC,552
2018-04,ALGAR,SCM,550
2020-03,HUGHES,SCM,546
2015-03,TIM,STFC,533
2015-05,TIM,STFC,526
2018-01,ALGAR,SCM,523
2018-03,ALGAR,SCM,514
2018-09,ALGAR,SCM,514
2015-03,SKY,SCM,499
2016-03,Outros,SeAC,498
2019-02,ALGAR,STFC,491
2019-02,Outros,SMP_Pós,490
2018-12,ALGAR,STFC,486
2018-05,ALGAR,SCM,482
2015-06,Outros,SeAC,482
2019-01,Outros,STFC,481
2015-04,TIM,STFC,473
2018-02,ALGAR,SCM,472
2019-08,ALGAR,STFC,472
2019-04,Outros,SMP_Pós,471
2015-02,Outros,SeAC,466
2019-08,Outros,SMP_Pós,464
2018-10,ALGAR,STFC,461
2016-02,Outros,SeAC,461
2018-07,ALGAR,SCM,460
2017-10,ALGAR,SCM,454
2019-07,Outros,SMP_Pós,445
2015-05,Outros,SeAC,444
2019-03,Outros,SMP_Pós,440
2019-05,ALGAR,STFC,437
2018-08,ALGAR,STFC,437
2015-07,Outros,SeAC,436
2018-11,ALGAR,STFC,435
2019-05,Outros,SMP_Pós,432
2017-08,Outros,SMP_Pós,431
2018-12,Outros,SMP_Pós,430
2017-05,ALGAR,SCM,430
2019-09,ALGAR,STFC,429
2018-04,ALGAR,STFC,424
2019-04,ALGAR,STFC,423
2015-12,Outros,SeAC,420
2017-07,Outros,SMP_Pós,419
2015-01,TIM,STFC,414
2015-08,Outros,SeAC,412
2018-09,ALGAR,STFC,412
2018-08,Outros,STFC,410
2016-01,Outros,SeAC,409
2015-03,ALGAR,SCM,407
2015-02,TIM,STFC,406
2019-06,ALGAR,STFC,405
2015-10,Outros,SeAC,400
2015-04,ALGAR,SCM,400
2020-01,ALGAR,STFC,400
2015-03,Outros,SeAC,399
2018-06,ALGAR,SCM,394
2018-03,ALGAR,STFC,393
2019-11,ALGAR,STFC,385
2017-08,ALGAR,SCM,385
2016-12,ALGAR,SCM,384
2017-07,ALGAR,SCM,384
2018-01,ALGAR,STFC,381
2015-09,Outros,SeAC,381
2015-11,Outros,SeAC,378
2018-07,Outros,STFC,376
2020-03,ALGAR,STFC,376
2019-03,Outros,STFC,373
2016-06,ALGAR,STFC,371
2019-05,Outros,STFC,371
2019-03,ALGAR,STFC,368
2020-02,NEXTEL,SMP_Pré,366
2017-03,ALGAR,SCM,365
2017-11,ALGAR,SCM,364
2017-12,ALGAR,SCM,364
2018-11,Outros,STFC,363
2018-03,Outros,STFC,362
2019-09,Outros,SMP_Pós,361
2015-04,Outros,SeAC,360
2018-12,Outros,STFC,359
2018-05,ALGAR,STFC,359
2019-06,Outros,SMP_Pós,356
2018-10,Outros,SMP_Pós,352
2018-10,Outros,STFC,352
2017-01,ALGAR,SCM,350
2015-01,Outros,SeAC,350
2017-06,ALGAR,SCM,349
2018-07,ALGAR,STFC,349
2017-04,ALGAR,SCM,349
2017-01,Outros,SMP_Pós,346
2019-11,Outros,STFC,345
2019-07,Outros,STFC,344
2015-02,SKY,SCM,341
2019-10,Outros,STFC,341
2017-03,Outros,SMP_Pós,338
2016-08,Outros,SeAC,338
2020-01,NEXTEL,SMP_Pré,338
2016-12,Outros,STFC,334
2020-05,ALGAR,STFC,333
2017-08,Outros,STFC,333
2016-11,ALGAR,SCM,330
2016-03,ALGAR,SCM,329
2016-11,Outros,SMP_Pós,328
2017-09,ALGAR,SCM,327
2016-12,Outros,SMP_Pós,326
2016-05,ALGAR,STFC,325
2017-01,Outros,STFC,325
2017-07,Outros,STFC,325
2019-10,Outros,SMP_Pós,325
2020-02,ALGAR,STFC,322
2018-08,Outros,SMP_Pós,322
2018-11,Outros,SMP_Pós,322
2017-09,Outros,SMP_Pós,320
2020-05,NEXTEL,SMP_Pré,320
2019-12,ALGAR,STFC,319
2018-06,ALGAR,STFC,319
2020-02,HUGHES,SCM,318
2018-02,ALGAR,STFC,318
2018-01,Outros,STFC,317
2016-08,ALGAR,SCM,316
2016-02,ALGAR,SCM,313
2016-06,Outros,STFC,311
2017-12,Outros,STFC,311
2017-05,Outros,SMP_Pós,311
2016-07,Outros,SeAC,310
2016-06,Outros,SeAC,310
2015-03,ALGAR,STFC,310
2018-07,Outros,SMP_Pós,308
2017-03,ALGAR,STFC,308
2016-08,Outros,SMP_Pós,307
2015-02,ALGAR,SCM,306
2017-07,Outros,SeAC,305
2019-01,HUGHES,SCM,305
2017-05,Outros,SeAC,305
2017-01,Outros,SeAC,303
2017-11,Outros,SMP_Pós,303
2020-05,Brisanet,SCM,301
2017-02,ALGAR,SCM,301
2016-03,ALGAR,STFC,300
2017-10,ALGAR,STFC,299
2020-01,HUGHES,SCM,299
2016-11,Outros,STFC,298
2015-04,ALGAR,STFC,296
2017-05,ALGAR,STFC,296
2018-09,Outros,SMP_Pós,295
2016-04,Outros,SeAC,295
2016-05,Outros,SeAC,294
2015-01,SKY,SCM,293
2016-06,ALGAR,SCM,291
2020-04,NEXTEL,SMP_Pré,291
2019-12,NEXTEL,SMP_Pré,290
2016-06,Outros,SMP_Pós,289
2016-09,Outros,SeAC,287
2015-12,ALGAR,SCM,287
2016-07,Outros,SMP_Pós,286
2017-10,Outros,SMP_Pós,286
2018-06,Outros,SMP_Pós,285
2016-10,Outros,SeAC,284
2019-03,HUGHES,SCM,284
2017-12,Outros,SMP_Pós,284
2019-04,Outros,STFC,284
2016-01,ALGAR,SCM,283
2017-11,Outros,STFC,281
2017-03,Outros,SeAC,281
2016-05,Outros,SMP_Pós,280
2015-01,Outros,STFC,279
2017-02,ALGAR,STFC,279
2015-12,Outros,STFC,278
2019-09,Outros,STFC,277
2015-11,Outros,STFC,277
2016-07,ALGAR,SCM,277
2017-12,ALGAR,STFC,277
2017-11,ALGAR,STFC,277
2019-08,Outros,STFC,277
2020-03,NEXTEL,SMP_Pré,276
2016-07,Outros,STFC,276
2017-06,Outros,SMP_Pós,275
2015-02,Outros,STFC,274
2018-09,Outros,STFC,274
2016-12,ALGAR,STFC,274
2016-01,Outros,SMP_Pós,274
2016-10,Outros,SMP_Pós,273
2020-04,ALGAR,STFC,272
2015-06,Outros,STFC,270
2016-10,ALGAR,SCM,270
2015-09,ALGAR,SCM,270
2017-04,ALGAR,STFC,269
2015-10,ALGAR,SCM,269
2019-02,HUGHES,SCM,269
2017-02,Outros,SMP_Pós,267
2018-05,Outros,SMP_Pós,267
2019-06,Outros,STFC,266
2018-04,Outros,STFC,266
2017-09,ALGAR,STFC,266
2016-10,Outros,STFC,263
2019-11,NEXTEL,SMP_Pré,263
2017-04,Outros,SMP_Pós,263
2016-04,Outros,SMP_Pós,262
2016-09,Outros,STFC,261
2016-08,ALGAR,STFC,261
2016-10,ALGAR,STFC,259
2016-02,ALGAR,STFC,259
2016-03,Outros,SMP_Pós,258
2019-04,HUGHES,SCM,257
2015-03,Outros,STFC,257
2017-10,Outros,STFC,256
2015-09,ALGAR,STFC,256
2016-11,Outros,SeAC,256
2018-06,Outros,STFC,255
2015-11,ALGAR,SCM,255
2016-09,Outros,SMP_Pós,254
2017-06,ALGAR,STFC,254
2017-01,ALGAR,STFC,253
2016-11,ALGAR,STFC,253
2016-12,Outros,SeAC,252
2016-04,ALGAR,SCM,251
2019-08,HUGHES,SCM,251
2017-02,Outros,STFC,251
2017-08,Outros,SeAC,250
2017-03,Outros,STFC,249
2020-04,Brisanet,SCM,249
2016-07,ALGAR,STFC,249
2017-09,Outros,STFC,248
2018-02,Outros,STFC,248
2019-09,HUGHES,SCM,245
2015-07,ALGAR,SCM,244
2016-09,ALGAR,SCM,243
2016-08,Outros,STFC,243
2017-08,ALGAR,STFC,243
2016-01,Outros,STFC,242
2017-07,ALGAR,STFC,241
2019-12,Outros,STFC,241
2016-02,Outros,SMP_Pós,237
2016-02,Outros,STFC,236
2015-12,Outros,SMP_Pós,235
2015-11,Outros,SMP_Pós,235
2015-05,Outros,STFC,235
2015-10,Outros,SMP_Pós,234
2019-07,HUGHES,SCM,233
2019-10,HUGHES,SCM,232
2017-05,Outros,STFC,232
2018-05,Outros,STFC,232
2016-03,Outros,STFC,232
2015-10,ALGAR,STFC,231
2019-01,Outros,SeAC,231
2019-06,HUGHES,SCM,231
2017-06,Outros,SeAC,230
2017-07,Outros,SMP_Pré,230
2019-07,NEXTEL,SMP_Pré,229
2015-07,Outros,STFC,228
2018-01,Outros,SMP_Pós,228
2015-05,ALGAR,STFC,228
2019-11,Outros,SMP_Pós,226
2020-03,Outros,STFC,226
2019-05,HUGHES,SCM,225
2016-05,ALGAR,SCM,225
2020-01,Brisanet,SCM,223
2017-09,Outros,SeAC,223
2017-08,Outros,SMP_Pré,222
2016-09,ALGAR,STFC,221
2015-02,ALGAR,STFC,221
2015-05,ALGAR,SCM,221
2015-08,ALGAR,SCM,220
2016-04,ALGAR,STFC,220
2015-11,ALGAR,STFC,218
2020-02,Brisanet,SCM,218
2019-12,Brisanet,SCM,216
2015-12,ALGAR,STFC,215
2020-01,ALGAR,SMP_Pós,214
2020-01,Outros,STFC,214
2016-05,Outros,STFC,211
2017-02,Outros,SeAC,210
2017-04,Outros,SeAC,209
2016-01,ALGAR,STFC,207
2019-05,NEXTEL,SMP_Pré,206
2019-08,NEXTEL,SMP_Pré,206
2019-11,HUGHES,SCM,206
2015-08,ALGAR,STFC,205
2015-09,Outros,STFC,205
2015-10,Outros,STFC,205
2020-02,Outros,STFC,205
2020-03,Brisanet,SCM,204
2019-06,NEXTEL,SMP_Pré,204
2019-12,ALGAR,SMP_Pós,203
2019-12,HUGHES,SCM,203
2018-04,Outros,SMP_Pós,200
2020-05,Outros,STFC,195
2020-03,ALGAR,SMP_Pós,195
2017-10,Outros,SeAC,195
2019-10,NEXTEL,SMP_Pré,194
2018-08,Outros,SeAC,194
2018-03,Outros,SMP_Pós,193
2020-04,Outros,STFC,192
2015-07,Outros,SMP_Pós,192
2019-07,ALGAR,SMP_Pós,191
2015-01,ALGAR,SCM,190
2017-07,SERCOMTEL,SCM,190
2017-09,Outros,SMP_Pré,190
2015-07,ALGAR,STFC,189
2015-06,ALGAR,STFC,189
2015-05,Outros,SMP_Pós,189
2020-04,ALGAR,SMP_Pós,189
2015-06,ALGAR,SCM,188
2019-10,Correios Celular,SMP_Pré,188
2019-09,NEXTEL,SMP_Pré,185
2019-05,Outros,SeAC,184
2019-12,Outros,Certificação,183
2017-06,Outros,STFC,183
2018-12,HUGHES,SCM,182
2019-05,ALGAR,SMP_Pós,181
2015-08,Outros,STFC,179
2018-02,Outros,SMP_Pós,178
2019-02,NEXTEL,SMP_Pré,178
2015-03,Outros,SMP_Pós,177
2019-11,Outros,Certificação,177
2015-04,ALGAR,SMP_Pré,176
2019-11,ALGAR,SMP_Pós,176
2015-02,Outros,SMP_Pós,175
2019-03,NEXTEL,SMP_Pré,171
2015-12,Outros,SMP_Pré,170
2018-06,Outros,SeAC,169
2018-09,Outros,SeAC,168
2019-08,ALGAR,SMP_Pós,168
2019-11,Outros,SeAC,168
2019-10,ALGAR,SMP_Pós,167
2015-04,Outros,STFC,167
2020-01,Correios Celular,SMP_Pré,164
2016-04,Outros,STFC,163
2015-09,Outros,SMP_Pós,161
2017-12,Outros,SeAC,161
2019-01,NEXTEL,SMP_Pré,160
2018-01,Outros,SeAC,158
2019-02,Outros,SeAC,158
2020-02,ALGAR,SMP_Pós,157
2015-01,ALGAR,STFC,156
2017-04,Outros,STFC,156
2019-06,ALGAR,SMP_Pós,155
2019-11,Outros,SMP_Pré,153
2017-11,Outros,SeAC,152
2019-09,Correios Celular,SMP_Pré,151
2017-12,Outros,SMP_Pré,151
2019-01,ALGAR,SMP_Pós,150
2019-07,Outros,SMP_Pré,150
2018-11,HUGHES,SCM,150
2018-10,Outros,SeAC,150
2019-06,Outros,SeAC,150
2019-04,NEXTEL,SMP_Pré,150
2019-05,Outros,SMP_Pré,149
2016-11,ALGAR,SMP_Pós,148
2019-04,Outros,SeAC,148
2019-09,ALGAR,SMP_Pós,146
2019-11,Brisanet,SCM,145
2018-03,Outros,SeAC,145
2019-10,Brisanet,SCM,145
2018-02,Outros,SeAC,144
2017-05,Outros,SMP_Pré,144
2020-02,Correios Celular,SMP_Pré,144
2019-10,Outros,SMP_Pré,144
2019-03,Outros,SeAC,144
2018-10,HUGHES,SCM,143
2019-01,Outros,SMP_Pré,142
2019-02,ALGAR,SMP_Pós,142
2015-04,Outros,SMP_Pós,141
2018-09,HUGHES,SCM,140
2018-07,Outros,SMP_Pré,140
2019-08,Correios Celular,SMP_Pré,140
2018-05,Outros,SeAC,139
2019-12,Correios Celular,SMP_Pré,138
2015-08,Outros,SMP_Pós,138
2020-05,ALGAR,SMP_Pós,137
2018-08,ALGAR,SMP_Pós,136
2019-08,Outros,SeAC,134
2017-10,Outros,SMP_Pré,134
2017-06,ALGAR,SMP_Pós,134
2019-07,Correios Celular,SMP_Pré,132
2018-07,Outros,SeAC,132
2019-01,ALGAR,SeAC,131
2016-04,Outros,SMP_Pré,131
2015-07,Outros,SMP_Pré,130
2017-11,Outros,SMP_Pré,129
2016-01,Outros,SMP_Pré,129
2015-04,ALGAR,SMP_Pós,129
2015-06,Outros,SMP_Pós,128
2018-08,HUGHES,SCM,128
2017-01,Outros,SMP_Pré,127
2019-09,Outros,SeAC,127
2019-05,Correios Celular,SMP_Pré,127
2019-09,Brisanet,SCM,127
2018-11,Outros,SeAC,126
2019-07,Brisanet,SCM,126
2016-08,ALGAR,SMP_Pós,126
2019-04,ALGAR,SMP_Pós,126
2019-12,Outros,Interesse Coletivo,126
2018-11,Outros,SMP_Pré,125
2018-04,Outros,SeAC,124
2017-06,Outros,SMP_Pré,124
2016-03,Outros,SMP_Pré,124
2019-04,Outros,SMP_Pré,123
2016-07,Outros,SMP_Pré,123
2016-11,Outros,SMP_Pré,122
2016-06,Outros,SMP_Pré,122
2015-10,ALGAR,SMP_Pós,121
2015-11,Outros,SMP_Pré,121
2016-08,Outros,SMP_Pré,121
2020-03,Correios Celular,SMP_Pré,121
2016-02,Outros,SMP_Pré,120
2017-07,ALGAR,SMP_Pós,120
2016-10,ALGAR,SMP_Pós,120
2017-08,ALGAR,SMP_Pós,119
2016-12,ALGAR,SMP_Pós,119
2019-08,ALGAR,SeAC,119
2015-10,Outros,SMP_Pré,119
2019-09,Outros,SMP_Pré,118
2017-11,ALGAR,SMP_Pós,118
2018-06,Outros,SMP_Pré,118
2016-05,Outros,SMP_Pré,118
2019-07,Outros,SeAC,118
2018-11,ALGAR,SMP_Pós,117
2016-12,ALGAR,SMP_Pré,117
2015-05,Outros,SMP_Pré,116
2018-11,ALGAR,SeAC,116
2016-09,ALGAR,SMP_Pós,116
2019-03,ALGAR,SMP_Pós,115
2019-04,Correios Celular,SMP_Pré,115
2018-08,Outros,SMP_Pré,115
2016-12,Outros,SMP_Pré,114
2015-07,ALGAR,SMP_Pós,114
2015-06,Outros,SMP_Pré,114
2015-09,Outros,SMP_Pré,114
2018-07,ALGAR,SMP_Pós,114
2019-10,Outros,SeAC,113
2018-06,ALGAR,SMP_Pós,112
2015-06,ALGAR,SMP_Pós,111
2018-04,HUGHES,SCM,111
2015-05,ALGAR,SMP_Pré,111
2018-12,Outros,SeAC,111
2020-04,Outros,Interesse Coletivo,111
2018-12,ALGAR,SMP_Pós,111
2019-06,Correios Celular,SMP_Pré,111
2020-05,Outros,Interesse Coletivo,110
2018-01,ALGAR,SMP_Pós,110
2019-08,Brisanet,SCM,110
2018-04,ALGAR,SMP_Pós,110
2017-03,Outros,SMP_Pré,110
2019-03,Outros,SMP_Pré,110
2018-12,ALGAR,SeAC,109
2019-09,ALGAR,SeAC,109
2015-03,Outros,SMP_Pré,108
2018-05,HUGHES,SCM,107
2015-09,ALGAR,SMP_Pós,107
2018-03,ALGAR,SMP_Pós,106
2015-04,Outros,SMP_Pré,106
2015-05,ALGAR,SMP_Pós,106
2019-11,ALGAR,SMP_Pré,105
2020-04,Correios Celular,SMP_Pré,104
2018-05,Outros,SMP_Pré,103
2017-05,ALGAR,SMP_Pós,103
2018-09,Outros,SMP_Pré,103
2017-09,ALGAR,SMP_Pós,102
2018-04,Outros,SMP_Pré,102
2017-10,ALGAR,SMP_Pós,102
2019-02,Outros,SMP_Pré,102
2015-01,Outros,SMP_Pós,102
2018-05,ALGAR,SMP_Pós,101
2017-04,Outros,SMP_Pré,101
2019-06,Outros,SMP_Pré,100
2015-06,ALGAR,SMP_Pré,100
2017-01,ALGAR,SMP_Pós,100
2019-10,ALGAR,SeAC,100
2016-03,ALGAR,SMP_Pós,100
2020-01,ALGAR,SMP_Pré,99
2019-11,Outros,Interesse Coletivo,99
2018-12,Outros,SMP_Pré,98
2015-08,Outros,SMP_Pré,98
2015-03,ALGAR,SMP_Pós,98
2018-03,Outros,SMP_Pré,97
2018-01,HUGHES,SCM,97
2018-05,Correios Celular,SMP_Pré,96
2018-02,ALGAR,SMP_Pós,96
2018-05,ALGAR,SMP_Pré,96
2019-02,ALGAR,SeAC,96
2019-05,Brisanet,SCM,96
2019-04,ALGAR,SeAC,95
2015-08,ALGAR,SMP_Pós,95
2018-07,HUGHES,SCM,95
2018-09,ALGAR,SMP_Pós,94
2018-06,Correios Celular,SMP_Pré,93
2017-05,ALGAR,SeAC,93
2019-12,Outros,SeAC,93
2015-07,ALGAR,SMP_Pré,92
2019-05,ALGAR,SeAC,92
2017-03,ALGAR,SMP_Pós,91
2020-05,Correios Celular,SMP_Pré,91
2017-12,ALGAR,SMP_Pós,91
2016-01,ALGAR,SMP_Pós,91
2016-06,ALGAR,SMP_Pós,91
2017-04,ALGAR,SMP_Pós,91
2020-05,Outros,SeAC,91
2020-01,ALGAR,SeAC,89
2018-02,Outros,SMP_Pré,89
2019-08,Outros,SMP_Pré,89
2015-02,ALGAR,SMP_Pré,88
2015-12,ALGAR,SMP_Pós,88
2016-07,ALGAR,SMP_Pós,88
2019-10,ALGAR,SMP_Pré,88
2018-01,SERCOMTEL,STFC,88
2018-10,Outros,SMP_Pré,88
2018-10,ALGAR,SMP_Pós,86
2018-06,ALGAR,SMP_Pré,86
2019-07,ALGAR,SeAC,85
2019-11,ALGAR,SeAC,85
2020-02,Outros,SeAC,83
2019-12,Outros,SMP_Pós,83
2016-10,Outros,SMP_Pré,83
2020-04,Outros,SeAC,83
2018-02,HUGHES,SCM,82
2017-04,ALGAR,SeAC,82
2020-03,Outros,Interesse Coletivo,82
2018-08,ALGAR,SeAC,82
2015-03,ALGAR,SMP_Pré,81
2017-12,SERCOMTEL,SCM,81
2017-02,Outros,SMP_Pré,81
2016-02,ALGAR,SeAC,81
2018-07,ALGAR,SeAC,81
2015-11,ALGAR,SMP_Pós,81
2020-03,ALGAR,SeAC,80
2016-02,ALGAR,SMP_Pós,80
2017-03,ALGAR,SeAC,80
2019-07,ALGAR,SMP_Pré,80
2017-07,ALGAR,SeAC,80
2015-08,ALGAR,SMP_Pré,80
2017-08,ALGAR,SeAC,80
2018-06,HUGHES,SCM,79
2018-07,Correios Celular,SMP_Pré,78
2019-03,ALGAR,SeAC,78
2018-10,ALGAR,SeAC,78
2018-11,ALGAR,SMP_Pré,78
2018-07,ALGAR,SMP_Pré,78
2019-12,ALGAR,SeAC,77
2018-04,ALGAR,SMP_Pré,77
2020-04,CABO TELECOM,SCM,77
2017-02,ALGAR,SMP_Pós,76
2017-01,ALGAR,SMP_Pré,76
2017-08,ALGAR,SMP_Pré,76
2016-04,ALGAR,SMP_Pós,76
2019-06,ALGAR,SeAC,76
2017-03,ALGAR,SMP_Pré,75
2016-09,Outros,SMP_Pré,75
2020-03,Outros,SeAC,75
2018-03,ALGAR,SeAC,75
2020-01,Outros,Interesse Coletivo,75
2020-01,Outros,SMP_Pós,75
2020-02,Outros,Interesse Coletivo,74
2018-02,ALGAR,SeAC,74
2019-01,SERCOMTEL,STFC,74
2018-12,Correios Celular,SMP_Pré,73
2017-06,ALGAR,SeAC,73
2020-03,CABO TELECOM,SCM,73
2016-08,ALGAR,SeAC,73
2018-02,ALGAR,SMP_Pré,73
2018-01,ALGAR,SeAC,72
2017-11,SERCOMTEL,STFC,72
2016-01,ALGAR,SeAC,72
2020-02,ALGAR,SMP_Pré,72
2015-03,SERCOMTEL,STFC,72
2017-12,ALGAR,SMP_Pré,72
2020-04,ALGAR,SMP_Pré,71
2017-10,ALGAR,SMP_Pré,71
2018-11,Brisanet,SCM,71
2018-11,Correios Celular,SMP_Pré,71
2020-01,Outros,SeAC,71
2020-05,ALGAR,SMP_Pré,71
2019-06,Brisanet,SCM,70
2018-01,ALGAR,SMP_Pré,70
2017-08,SERCOMTEL,SCM,70
2017-12,SERCOMTEL,STFC,70
2016-10,ALGAR,SMP_Pré,70
2016-08,ALGAR,SMP_Pré,69
2018-04,ALGAR,SeAC,69
2017-01,ALGAR,SeAC,69
2020-05,SERCOMTEL,SCM,69
2020-02,ALGAR,SeAC,69
2016-02,SERCOMTEL,STFC,69
2019-04,ALGAR,SMP_Pré,68
2016-05,ALGAR,SMP_Pós,68
2016-07,ALGAR,SeAC,68
2016-03,ALGAR,SeAC,67
2018-06,ALGAR,SeAC,67
2016-09,ALGAR,SMP_Pré,67
2015-02,ALGAR,SMP_Pós,67
2015-09,ALGAR,SMP_Pré,67
2015-04,SERCOMTEL,STFC,66
2019-02,SERCOMTEL,SCM,66
2017-10,SERCOMTEL,SCM,66
2017-05,ALGAR,SMP_Pré,66
2019-06,ALGAR,SMP_Pré,65
2019-02,Brisanet,SCM,65
2017-02,ALGAR,SeAC,65
2019-08,ALGAR,SMP_Pré,65
2017-03,SERCOMTEL,STFC,65
2019-05,ALGAR,SMP_Pré,64
2015-11,ALGAR,SMP_Pré,64
2019-02,Correios Celular,SMP_Pré,64
2018-03,HUGHES,SCM,64
2017-06,SERCOMTEL,SMP_Pré,64
2015-04,ALGAR,SeAC,63
2020-05,ALGAR,SeAC,63
2018-10,SERCOMTEL,STFC,63
2018-08,ALGAR,SMP_Pré,63
2019-01,Correios Celular,SMP_Pré,63
2020-03,ALGAR,SMP_Pré,62
2020-03,Outros,SMP_Pós,62
2017-09,ALGAR,SMP_Pré,62
2018-05,ALGAR,SeAC,62
2018-09,ALGAR,SeAC,62
2019-01,SERCOMTEL,SCM,62
2017-10,ALGAR,SeAC,62
2019-03,ALGAR,SMP_Pré,62
2018-08,Correios Celular,SMP_Pré,62
2019-09,ALGAR,SMP_Pré,61
2016-12,ALGAR,SeAC,61
2018-03,ALGAR,SMP_Pré,61
2017-11,ALGAR,SMP_Pré,61
2019-03,SERCOMTEL,SCM,61
2017-09,ALGAR,SeAC,61
2016-06,SERCOMTEL,SCM,60
2015-07,SERCOMTEL,SCM,60
2015-03,ALGAR,SeAC,60
2019-12,SERCOMTEL,SCM,60
2019-12,ALGAR,SMP_Pré,60
2017-12,ALGAR,SeAC,60
2015-12,ALGAR,SeAC,60
2016-06,ALGAR,SeAC,59
2016-04,ALGAR,SeAC,59
2016-11,ALGAR,SMP_Pré,58
2015-11,SERCOMTEL,STFC,58
2019-04,CABO TELECOM,SCM,58
2019-11,Correios Celular,SMP_Pré,58
2015-02,SERCOMTEL,STFC,58
2015-05,SERCOMTEL,STFC,58
2019-03,Brisanet,SCM,58
2019-03,Correios Celular,SMP_Pré,57
2016-03,ALGAR,SMP_Pré,57
2015-12,ALGAR,SMP_Pré,57
2018-09,Correios Celular,SMP_Pré,57
2015-02,ALGAR,SeAC,57
2017-06,ALGAR,SMP_Pré,57
2020-04,ALGAR,SeAC,56
2018-10,SERCOMTEL,SCM,56
2016-11,ALGAR,SeAC,56
2016-02,SERCOMTEL,SCM,55
2019-04,Brisanet,SCM,55
2015-01,ALGAR,SMP_Pré,55
2020-05,CABO TELECOM,SCM,55
2020-04,SERCOMTEL,SCM,55
2019-02,SERCOMTEL,STFC,55
2018-01,Outros,SMP_Pré,54
2016-01,SERCOMTEL,STFC,54
2015-05,SERCOMTEL,SCM,54
2020-05,Outros,SMP_Pós,54
2019-02,ALGAR,SMP_Pré,54
2017-02,ALGAR,SMP_Pré,54
2015-09,ALGAR,SeAC,54
2015-08,SERCOMTEL,STFC,54
2019-07,SERCOMTEL,SCM,53
2016-03,SERCOMTEL,SCM,53
2018-10,Correios Celular,SMP_Pré,53
2020-01,SERCOMTEL,SCM,53
2016-07,ALGAR,SMP_Pré,53
2017-07,SERCOMTEL,STFC,53
2015-05,ALGAR,SeAC,53
2019-10,SERCOMTEL,SCM,53
2020-02,Outros,SMP_Pós,53
2020-02,SERCOMTEL,SCM,52
2015-12,SERCOMTEL,STFC,52
2016-05,ALGAR,SMP_Pré,52
2019-04,SERCOMTEL,SCM,52
2017-10,SERCOMTEL,STFC,52
2015-01,SERCOMTEL,STFC,52
2015-07,ALGAR,SeAC,52
2020-03,SERCOMTEL,SCM,52
2016-02,ALGAR,SMP_Pré,52
2016-09,SERCOMTEL,SCM,52
2017-11,SERCOMTEL,SCM,52
2016-06,ALGAR,SMP_Pré,51
2017-07,ALGAR,SMP_Pré,51
2015-11,ALGAR,SeAC,51
2019-01,Brisanet,SCM,51
2015-07,SERCOMTEL,STFC,51
2018-11,SERCOMTEL,STFC,51
2015-09,SERCOMTEL,STFC,51
2018-09,SERCOMTEL,SMP_Pré,51
2015-08,ALGAR,SeAC,50
2020-04,Outros,SMP_Pós,50
2015-10,ALGAR,SMP_Pré,50
2017-11,SERCOMTEL,SMP_Pré,49
2018-02,SERCOMTEL,SCM,49
2018-12,ALGAR,SMP_Pré,49
2017-11,ALGAR,SeAC,48
2015-08,SERCOMTEL,SCM,48
2018-12,Brisanet,SCM,48
2020-01,SERCOMTEL,STFC,48
2017-04,ALGAR,SMP_Pré,47
2016-09,ALGAR,SeAC,47
2015-10,SERCOMTEL,SCM,47
2018-03,SERCOMTEL,SCM,47
2018-08,Brisanet,SCM,47
2015-06,ALGAR,SeAC,47
2018-10,ALGAR,SMP_Pré,47
2016-10,ALGAR,SeAC,46
2016-05,SERCOMTEL,SCM,46
2016-01,SERCOMTEL,SCM,46
2017-08,SERCOMTEL,STFC,46
2017-06,SERCOMTEL,STFC,46
2018-09,SERCOMTEL,SCM,46
2016-08,SERCOMTEL,STFC,46
2020-01,Outros,SMP_Pré,45
2019-12,Outros,SMP_Pré,45
2015-02,SERCOMTEL,SCM,45
2018-11,SERCOMTEL,SCM,45
2020-01,CABO TELECOM,SCM,44
2016-05,ALGAR,SeAC,44
2018-10,Brisanet,SCM,44
2020-02,CABO TELECOM,SCM,44
2016-04,ALGAR,SMP_Pré,44
2019-03,SERCOMTEL,STFC,43
2018-09,SERCOMTEL,SMP_Pós,43
2019-05,SERCOMTEL,SCM,43
2015-01,ALGAR,SMP_Pós,43
2020-03,SERCOMTEL,STFC,43
2019-11,CABO TELECOM,SCM,43
2016-01,ALGAR,SMP_Pré,43
2015-11,SERCOMTEL,SCM,42
2018-03,Correios Celular,SMP_Pré,42
2018-04,SERCOMTEL,SCM,42
2015-10,SERCOMTEL,STFC,42
2015-03,SERCOMTEL,SCM,42
2019-09,SERCOMTEL,SCM,42
2015-12,SERCOMTEL,SCM,42
2019-08,SERCOMTEL,SCM,41
2019-08,SERCOMTEL,STFC,41
2019-05,CABO TELECOM,SCM,41
2019-12,Outros,Interesse Restrito,41
2018-08,SERCOMTEL,STFC,41
2018-06,SERCOMTEL,SCM,41
2018-04,SERCOMTEL,STFC,40
2017-06,SERCOMTEL,SCM,40
2018-05,SERCOMTEL,STFC,40
2016-03,SERCOMTEL,STFC,39
2016-11,SERCOMTEL,STFC,39
2019-10,SERCOMTEL,STFC,39
2018-04,SERCOMTEL,SMP_Pré,39
2018-09,Brisanet,SCM,39
2016-08,SERCOMTEL,SCM,39
2017-01,SERCOMTEL,SCM,39
2017-09,SERCOMTEL,STFC,39
2018-01,SERCOMTEL,SCM,39
2019-03,SERCOMTEL,SMP_Pós,39
2017-05,SERCOMTEL,STFC,39
2015-10,ALGAR,SeAC,38
2018-09,ALGAR,SMP_Pré,38
2019-01,ALGAR,SMP_Pré,38
2018-01,Correios Celular,SMP_Pré,38
2015-09,SERCOMTEL,SCM,38
2018-02,Correios Celular,SMP_Pré,37
2015-04,SERCOMTEL,SCM,37
2018-04,Correios Celular,SMP_Pré,37
2016-12,SERCOMTEL,STFC,37
2019-09,SERCOMTEL,STFC,37
2018-07,SERCOMTEL,SCM,37
2017-02,SERCOMTEL,SCM,37
2017-09,SERCOMTEL,SCM,37
2016-04,SERCOMTEL,SCM,36
2018-03,SERCOMTEL,STFC,36
2015-01,SERCOMTEL,SCM,36
2018-05,SERCOMTEL,SCM,36
2019-11,SERCOMTEL,SCM,36
2019-05,SERCOMTEL,STFC,36
2019-07,CABO TELECOM,SCM,36
2018-06,SERCOMTEL,SMP_Pré,36
2019-04,SERCOMTEL,STFC,35
2017-04,SERCOMTEL,STFC,35
2019-08,CABO TELECOM,SCM,35
2017-08,SERCOMTEL,SMP_Pré,35
2016-09,SERCOMTEL,STFC,34
2019-07,SERCOMTEL,STFC,34
2018-12,SERCOMTEL,SCM,34
2017-05,SERCOMTEL,SMP_Pré,34
2016-07,SERCOMTEL,SCM,33
2019-09,CABO TELECOM,SCM,33
2019-10,CABO TELECOM,SCM,33
2018-02,SERCOMTEL,STFC,33
2018-06,SERCOMTEL,STFC,32
2017-04,SERCOMTEL,SCM,32
2016-06,SERCOMTEL,STFC,32
2015-06,SERCOMTEL,STFC,32
2018-08,SERCOMTEL,SCM,32
2018-04,SERCOMTEL,SMP_Pós,32
2018-09,SERCOMTEL,STFC,31
2017-05,SERCOMTEL,SCM,31
2020-02,Outros,Certificação,31
2020-02,SERCOMTEL,STFC,31
2019-12,CABO TELECOM,SCM,31
2018-07,CABO TELECOM,SCM,30
2019-03,CABO TELECOM,SCM,30
2018-07,SERCOMTEL,STFC,30
2016-09,OI,Outros,30
2019-06,SERCOMTEL,STFC,30
2015-01,ALGAR,SeAC,30
2015-06,SERCOMTEL,SCM,29
2017-03,SERCOMTEL,SCM,29
2019-06,SERCOMTEL,SCM,29
2020-05,Outros,SMP_Pré,29
2016-05,SERCOMTEL,STFC,29
2017-01,SERCOMTEL,STFC,28
2020-03,Outros,SMP_Pré,28
2018-05,SERCOMTEL,SMP_Pós,28
2016-12,SERCOMTEL,SCM,28
2018-03,SERCOMTEL,SMP_Pós,28
2018-10,SERCOMTEL,SMP_Pós,27
2016-10,SERCOMTEL,SCM,26
2018-05,Brisanet,SCM,26
2016-10,SERCOMTEL,STFC,26
2016-11,SERCOMTEL,SCM,26
2017-10,SERCOMTEL,SMP_Pré,26
2020-05,Outros,Interesse Restrito,26
2020-04,Outros,SMP_Pré,25
2018-04,Brisanet,SCM,25
2015-12,SERCOMTEL,SMP_Pré,25
2018-06,Brisanet,SCM,25
2018-03,Brisanet,SCM,25
2018-11,CABO TELECOM,SCM,25
2020-04,SERCOMTEL,STFC,24
2019-11,SERCOMTEL,STFC,24
2020-01,Outros,Certificação,24
2020-03,Outros,Certificação,24
2020-05,Outros,Certificação,23
2016-07,SERCOMTEL,STFC,23
2020-02,Outros,SMP_Pré,23
2017-02,SERCOMTEL,STFC,23
2019-02,CABO TELECOM,SCM,23
2019-11,Outros,Interesse Restrito,22
2018-02,SERCOMTEL,SMP_Pré,22
2018-07,Brisanet,SCM,22
2019-12,SERCOMTEL,STFC,22
2020-01,Outros,Interesse Restrito,22
2016-04,SERCOMTEL,STFC,21
2018-05,SERCOMTEL,SMP_Pré,20
2017-07,SERCOMTEL,SMP_Pré,20
2019-12,Correios Celular,SMP_Pós,20
2020-05,SERCOMTEL,STFC,20
2019-06,CABO TELECOM,SCM,20
2020-01,Correios Celular,SMP_Pós,20
2018-08,CABO TELECOM,SCM,19
2018-04,CABO TELECOM,SCM,19
2018-02,Brisanet,SCM,18
2018-10,CABO TELECOM,SCM,18
2018-03,CABO TELECOM,SCM,18
2020-03,Outros,Interesse Restrito,18
2018-12,CABO TELECOM,SCM,18
2020-03,Correios Celular,SMP_Pós,17
2020-02,Outros,Interesse Restrito,17
2018-05,CABO TELECOM,SCM,17
2018-01,SERCOMTEL,SMP_Pós,17
2018-03,SERCOMTEL,SMP_Pré,17
2018-06,SERCOMTEL,SMP_Pós,17
2020-04,Outros,Certificação,17
2018-12,SERCOMTEL,STFC,17
2018-02,SERCOMTEL,SMP_Pós,16
2018-09,CABO TELECOM,SCM,16
2018-02,CABO TELECOM,SCM,15
2017-12,SERCOMTEL,SMP_Pré,15
2018-06,CABO TELECOM,SCM,15
2018-01,Brisanet,SCM,15
2018-01,CABO TELECOM,SCM,15
2017-09,SERCOMTEL,SMP_Pré,15
2019-01,CABO TELECOM,SCM,14
2015-12,SERCOMTEL,SMP_Pós,14
2015-02,Outros,SMP_Pré,14
2019-10,Datora,STFC,14
2020-02,Correios Celular,SMP_Pós,13
2015-01,Outros,SMP_Pré,13
2016-10,OI,Outros,12
2018-01,SERCOMTEL,SMP_Pré,12
2015-11,SERCOMTEL,SMP_Pré,11
2019-04,CABO TELECOM,SeAC,11
2018-11,CABO TELECOM,SeAC,11
2018-10,SERCOMTEL,SMP_Pré,11
2020-04,Outros,Interesse Restrito,11
2019-07,NOSSA TV - BRASIL,SeAC,10
2018-11,NOSSA TV - BRASIL,SeAC,10
2016-03,OI,Outros,10
2019-03,SERCOMTEL,SMP_Pré,10
2016-04,OI,Outros,10
2018-05,CABO TELECOM,SeAC,10
2015-11,SERCOMTEL,SMP_Pós,9
2016-01,SERCOMTEL,SMP_Pré,9
2016-06,OI,Outros,9
2016-07,EMBRATEL,Outros,9
2019-05,CABO TELECOM,SeAC,9
2017-04,SERCOMTEL,SMP_Pré,8
2018-12,NOSSA TV - BRASIL,SeAC,8
2018-09,NOSSA TV - BRASIL,SeAC,8
2019-07,CABO TELECOM,STFC,8
2019-07,Datora,STFC,8
2017-05,SERCOMTEL,SMP_Pós,8
2016-11,OI,Outros,8
2019-06,CABO TELECOM,STFC,7
2019-11,SERCOMTEL,SMP_Pós,7
2016-09,SERCOMTEL,SMP_Pré,7
2016-04,EMBRATEL,Outros,7
2015-09,SKY,SMP_Pós,7
2019-03,NOSSA TV - BRASIL,SeAC,7
2019-02,NOSSA TV - BRASIL,SeAC,7
2019-02,Datora,STFC,6
2015-08,SERCOMTEL,SMP_Pré,6
2019-01,CABO TELECOM,SeAC,6
2016-05,OI,Outros,6
2018-03,CABO TELECOM,SeAC,6
2019-12,CABO TELECOM,SeAC,6
2018-05,Brisanet,SeAC,6
2018-04,NOSSA TV - BRASIL,SeAC,6
2016-02,OI,Outros,6
2019-11,CABO TELECOM,SeAC,6
2015-03,SERCOMTEL,SMP_Pré,6
2016-05,EMBRATEL,Outros,6
2018-07,NOSSA TV - BRASIL,SeAC,6
2018-04,CABO TELECOM,SeAC,6
2019-10,NOSSA TV - BRASIL,SeAC,6
2018-12,CABO TELECOM,SeAC,6
2019-03,CABO TELECOM,SeAC,6
2015-10,SERCOMTEL,SMP_Pré,5
2018-03,NOSSA TV - BRASIL,SeAC,5
2018-07,CABO TELECOM,SeAC,5
2015-02,CLARO,STFC,5
2017-08,SERCOMTEL,SMP_Pós,5
2018-12,Datora,STFC,5
2015-08,SERCOMTEL,SMP_Pós,5
2019-05,NOSSA TV - BRASIL,SeAC,5
2019-08,Datora,STFC,5
2019-07,CABO TELECOM,SeAC,5
2019-10,CABO TELECOM,SeAC,5
2018-08,CABO TELECOM,SeAC,5
2018-05,NOSSA TV - BRASIL,SeAC,5
2018-01,NOSSA TV - BRASIL,SeAC,5
2015-09,SERCOMTEL,SMP_Pós,5
2020-05,Correios Celular,SMP_Pós,5
2017-02,SERCOMTEL,SMP_Pré,5
2016-12,SERCOMTEL,SMP_Pré,5
2018-08,CABO TELECOM,STFC,5
2017-06,SERCOMTEL,SMP_Pós,5
2017-07,SERCOMTEL,SMP_Pós,4
2015-02,SKY,STFC,4
2019-04,CABO TELECOM,STFC,4
2018-01,CABO TELECOM,SeAC,4
2015-07,SERCOMTEL,SMP_Pré,4
2015-07,SERCOMTEL,SMP_Pós,4
2019-06,NOSSA TV - BRASIL,SeAC,4
2017-12,SERCOMTEL,SMP_Pós,4
2017-09,SERCOMTEL,SMP_Pós,4
2020-01,CABO TELECOM,SeAC,4
2016-11,SERCOMTEL,SMP_Pré,4
2019-05,CABO TELECOM,STFC,4
2016-03,SERCOMTEL,SMP_Pré,4
2016-03,SERCOMTEL,SMP_Pós,4
2019-09,NOSSA TV - BRASIL,SeAC,4
2018-06,NOSSA TV - BRASIL,SeAC,4
2016-06,SERCOMTEL,SMP_Pré,4
2019-05,Datora,STFC,4
2019-02,CABO TELECOM,SeAC,4
2016-06,EMBRATEL,SCM,3
2018-07,SERCOMTEL,SMP_Pré,3
2015-10,NET,Outros,3
2016-08,EMBRATEL,Outros,3
2019-11,Brisanet,SeAC,3
2015-08,SKY,SMP_Pós,3
2015-08,SKY,STFC,3
2018-05,CABO TELECOM,STFC,3
2017-03,SERCOMTEL,SMP_Pré,3
2015-09,SERCOMTEL,SMP_Pré,3
2019-02,CABO TELECOM,STFC,3
2020-02,CABO TELECOM,SeAC,3
2020-02,Brisanet,SeAC,3
2016-08,OI,Outros,3
2018-05,Datora,STFC,3
2016-01,SERCOMTEL,SMP_Pós,3
2016-09,EMBRATEL,Outros,3
2016-04,SKY,STFC,3
2015-06,SERCOMTEL,SMP_Pré,3
2017-01,SERCOMTEL,SMP_Pós,3
2020-04,CABO TELECOM,STFC,3
2019-06,CABO TELECOM,SeAC,3
2019-08,SERCOMTEL,SMP_Pré,3
2019-08,CABO TELECOM,SeAC,3
2020-04,CABO TELECOM,SeAC,3
2018-12,Brisanet,SeAC,3
2019-09,CABO TELECOM,STFC,3
2016-09,SERCOMTEL,SMP_Pós,3
2018-12,CABO TELECOM,STFC,3
2020-03,Brisanet,SeAC,3
2018-08,NOSSA TV - BRASIL,SeAC,3
2019-08,Brisanet,SeAC,3
2020-04,Correios Celular,SMP_Pós,3
2016-10,SERCOMTEL,SMP_Pré,3
2018-04,Datora,STFC,3
2015-02,EMBRATEL,SCM,3
2018-09,CABO TELECOM,STFC,3
2017-04,SERCOMTEL,SMP_Pós,3
2015-10,SERCOMTEL,SMP_Pós,3
2018-02,Brisanet,SeAC,3
2020-05,CABO TELECOM,SeAC,3
2019-12,Brisanet,SeAC,3
2019-01,NOSSA TV - BRASIL,SeAC,3
2018-10,CABO TELECOM,SeAC,3
2020-04,SERCOMTEL,SMP_Pré,3
2019-07,Brisanet,SeAC,3
2017-10,SERCOMTEL,SMP_Pós,3
2016-02,SERCOMTEL,SMP_Pós,2
2015-06,SKY,SMP_Pós,2
2017-11,SERCOMTEL,SMP_Pós,2
2019-09,CLARO,SCM,2
2018-08,SERCOMTEL,SMP_Pré,2
2020-03,CABO TELECOM,SeAC,2
2017-09,TIM,SeAC,2
2015-02,VIVO,Outros,2
2019-08,CABO TELECOM,STFC,2
2016-10,EMBRATEL,Outros,2
2018-06,CABO TELECOM,SeAC,2
2018-08,Datora,STFC,2
2017-02,SERCOMTEL,SMP_Pós,2
2019-09,CABO TELECOM,SeAC,2
2018-11,SERCOMTEL,SMP_Pós,2
2018-04,Brisanet,SeAC,2
2018-10,CABO TELECOM,STFC,2
2016-04,SERCOMTEL,SMP_Pré,2
2019-09,Datora,STFC,2
2018-04,CABO TELECOM,STFC,2
2018-07,Brisanet,SeAC,2
2019-05,SERCOMTEL,SMP_Pós,2
2018-09,Brisanet,SeAC,2
2018-01,Brisanet,SeAC,2
2015-02,SERCOMTEL,SMP_Pós,2
2019-08,NOSSA TV - BRASIL,SeAC,2
2017-01,SERCOMTEL,SMP_Pré,2
2020-04,Brisanet,SeAC,2
2015-05,SKY,SMP_Pós,2
2020-03,SERCOMTEL,SMP_Pós,2
2020-03,SERCOMTEL,SMP_Pré,2
2015-02,SKY,SMP_Pós,2
2015-08,OI,Outros,2
2016-12,SERCOMTEL,SMP_Pós,2
2019-04,Brisanet,SeAC,2
2015-02,SERCOMTEL,SMP_Pré,2
2019-03,CABO TELECOM,STFC,2
2019-06,Datora,STFC,2
2020-05,SERCOMTEL,SMP_Pré,2
2019-09,Brisanet,SeAC,2
2018-10,Brisanet,SeAC,2
2015-06,SERCOMTEL,SMP_Pós,2
2019-01,CABO TELECOM,STFC,2
2016-07,SERCOMTEL,SMP_Pré,2
2017-04,SKY,SMP_Pós,2
2015-10,SKY,STFC,2
2017-03,SERCOMTEL,SMP_Pós,2
2018-12,SERCOMTEL,SMP_Pré,2
2016-06,SERCOMTEL,SMP_Pós,2
2019-01,SERCOMTEL,SMP_Pós,2
2018-06,CABO TELECOM,STFC,2
2018-07,CABO TELECOM,STFC,2
2015-09,SKY,STFC,2
2019-02,Brisanet,SeAC,2
2018-06,Brisanet,SeAC,2
2020-05,CABO TELECOM,STFC,2
2019-11,CABO TELECOM,STFC,2
2020-01,SERCOMTEL,SMP_Pós,2
2019-05,Brisanet,SeAC,2
2016-05,SERCOMTEL,SMP_Pré,2
2018-07,Datora,STFC,2
2019-04,NOSSA TV - BRASIL,SeAC,2
2019-11,Datora,STFC,2
2018-02,NOSSA TV - BRASIL,SeAC,2
2015-09,NET,Outros,2
2018-12,SERCOMTEL,SMP_Pós,2
2018-02,CABO TELECOM,STFC,2
2018-06,SKY,STFC,2
2016-03,EMBRATEL,Outros,2
2016-07,SERCOMTEL,SMP_Pós,2
2019-02,SERCOMTEL,SMP_Pós,2
2018-08,Brisanet,SeAC,2
2020-01,Brisanet,SeAC,2
2015-01,SKY,SMP_Pós,2
2020-01,CABO TELECOM,STFC,2
2015-03,SKY,STFC,1
2015-03,NET,Outros,1
2015-01,TIM,Outros,1
2015-01,NEXTEL,SMP_Pré,1
2015-01,Intelig,STFC,1
2015-01,SERCOMTEL,SMP_Pré,1
2015-02,ALGAR,Outros,1
2015-01,CLARO,STFC,1
2018-11,SERCOMTEL,SMP_Pré,1
2015-01,SKY,Outros,1
2018-09,CABO TELECOM,SeAC,1
2015-02,NET,Outros,1
2015-04,SKY,STFC,1
2017-12,TIM,Outros,1
2017-11,SKY,STFC,1
2020-04,SERCOMTEL,SMP_Pós,1
2015-01,OI,Outros,1
2015-01,SERCOMTEL,SMP_Pós,1
2017-10,TIM,SeAC,1
2018-09,Datora,STFC,1
2018-11,Brisanet,SeAC,1
2018-11,SKY,SMP_Pré,1
2019-05,VIVO,Outros,1
2015-03,CLARO,STFC,1
2018-10,NOSSA TV - BRASIL,SeAC,1
2020-05,Brisanet,SeAC,1
2015-02,,,1
2015-03,NEXTEL,SeAC,1
2015-01,,,1
2019-05,SERCOMTEL,SMP_Pré,1
2020-05,SERCOMTEL,SMP_Pós,1
2015-04,SERCOMTEL,SMP_Pós,1
2015-02,OI,Outros,1
2018-10,Datora,STFC,1
2015-02,NEXTEL,Outros,1
2017-01,TIM,SeAC,1
2015-04,TIM,Outros,1
2016-02,SERCOMTEL,SMP_Pré,1
2016-08,SERCOMTEL,SMP_Pós,1
2016-08,SERCOMTEL,SMP_Pré,1
2016-07,SKY,SMP_Pós,1
2016-07,EMBRATEL,SCM,1
2019-10,SERCOMTEL,SMP_Pré,1
2019-07,SERCOMTEL,SMP_Pós,1
2016-06,EMBRATEL,Outros,1
2019-07,SERCOMTEL,SMP_Pré,1
2016-05,SERCOMTEL,SMP_Pós,1
2017-04,EMBRATEL,SCM,1
2019-03,TIM,SeAC,1
2019-11,Correios Celular,SMP_Pós,1
2016-04,SERCOMTEL,SMP_Pós,1
2017-11,TIM,SeAC,1
2019-11,SERCOMTEL,SMP_Pré,1
2016-03,TIM,SeAC,1
2016-03,SKY,STFC,1
2016-03,SKY,SMP_Pós,1
2019-01,SERCOMTEL,SMP_Pré,1
2018-06,Datora,STFC,1
2018-02,CABO TELECOM,SeAC,1
2019-10,CABO TELECOM,STFC,1
2017-02,SKY,STFC,1
2017-02,SKY,SMP_Pós,1
2016-11,TIM,SeAC,1
2018-03,NET,Outros,1
2017-01,NEXTEL,SMP_Pré,1
2019-03,Datora,STFC,1
2018-03,Datora,STFC,1
2016-12,TIM,SeAC,1
2016-12,SKY,STFC,1
2019-08,SERCOMTEL,SMP_Pós,1
2016-12,SKY,SMP_Pós,1
2019-08,TIM,SeAC,1
2016-11,SKY,SMP_Pós,1
2017-02,SKY,Outros,1
2016-11,SERCOMTEL,SMP_Pós,1
2019-03,Brisanet,SeAC,1
2018-03,CABO TELECOM,STFC,1
2016-10,SERCOMTEL,SMP_Pós,1
2016-10,NEXTEL,SeAC,1
2019-09,SERCOMTEL,SMP_Pós,1
2016-09,TIM,SeAC,1
2018-03,Brisanet,SeAC,1
2019-02,SERCOMTEL,SMP_Pré,1
2019-12,CABO TELECOM,STFC,1
2019-07,NET,Outros,1
2015-04,VIVO,Outros,1
2018-06,OI,Outros,1
2018-01,Datora,STFC,1
2020-02,SERCOMTEL,SMP_Pré,1
2020-02,SERCOMTEL,SMP_Pós,1
2017-08,NEXTEL,SeAC,1
2015-08,ALGAR,Outros,1
2015-07,VIVO,Outros,1
2015-07,SKY,STFC,1
2015-07,SKY,SMP_Pós,1
2017-08,OI,Outros,1
2015-07,NET,Outros,1
2020-03,CABO TELECOM,STFC,1
2015-06,SKY,STFC,1
2015-06,NET,Outros,1
2019-04,SERCOMTEL,SMP_Pré,1
2018-08,SERCOMTEL,SMP_Pós,1
2018-08,TIM,SeAC,1
2019-06,Brisanet,SeAC,1
2015-05,SERCOMTEL,SMP_Pós,1
2018-01,CABO TELECOM,STFC,1
2015-05,NET,Outros,1
2018-11,TIM,SeAC,1
2017-07,TIM,SeAC,1
2017-07,SKY,SMP_Pós,1
2015-08,TIM,Outros,1
2019-04,Datora,STFC,1
2016-01,TIM,SeAC,1
2019-01,Datora,STFC,1
2016-01,OI,Outros,1
2019-12,SERCOMTEL,SMP_Pós,1
2015-12,SKY,SMP_Pós,1
2015-12,SKY,Outros,1
2019-04,CLARO,Outros,1
2015-11,SKY,STFC,1
2019-01,Brisanet,SeAC,1
2015-10,VIVO,Outros,1
2015-08,VIVO,Outros,1
2015-10,TIM,Outros,1
2015-10,SKY,SMP_Pós,1
2019-06,VIVO,Outros,1
2020-01,SERCOMTEL,SMP_Pré,1
2015-10,CLARO,Outros,1
2015-09,VIVO,Outros,1
2019-06,SERCOMTEL,SMP_Pré,1
2018-07,SERCOMTEL,SMP_Pós,1
2018-07,TIM,SeAC,1
2017-11,,,1
