uf,ano_mes,solicitacoes
SP,2015-07,121556
SP,2016-03,112682
SP,2015-03,110888
SP,2015-08,110046
SP,2015-06,109549
SP,2016-08,108639
SP,2015-09,108524
SP,2015-10,108056
SP,2016-01,107173
SP,2015-05,105820
SP,2017-01,104131
SP,2015-11,103873
SP,2016-02,102952
SP,2017-03,102792
SP,2015-12,102154
SP,2015-04,100767
SP,2019-01,100678
SP,2016-07,100090
SP,2016-06,99724
SP,2017-05,99406
SP,2016-11,97736
SP,2017-08,97717
SP,2016-09,94810
SP,2016-04,94011
SP,2016-10,93845
SP,2016-12,92733
SP,2016-05,92064
SP,2017-06,90120
SP,2017-07,89225
SP,2019-03,88963
SP,2018-01,88710
SP,2019-02,88365
SP,2018-03,87786
SP,2017-10,86454
SP,2020-05,86292
SP,2019-04,86257
SP,2020-04,85521
SP,2017-02,85317
SP,2020-01,85248
SP,2019-07,84896
SP,2019-05,84845
SP,2018-04,84444
SP,2017-11,83699
SP,2017-09,83553
SP,2018-10,83469
SP,2020-03,82939
SP,2017-04,82305
SP,2019-08,80577
SP,2019-10,80525
SP,2018-05,80262
SP,2018-08,80170
SP,2019-09,77942
RJ,2015-07,77543
SP,2017-12,77031
SP,2015-02,76553
SP,2018-11,76177
SP,2018-12,76062
SP,2018-02,75724
SP,2018-09,75105
SP,2019-12,75010
RJ,2015-03,74598
SP,2020-02,74041
SP,2018-07,73726
RJ,2016-03,71754
SP,2019-06,71008
SP,2019-11,70664
SP,2018-06,70398
RJ,2015-06,68857
RJ,2015-05,68737
RJ,2015-04,67177
RJ,2015-08,66995
RJ,2015-09,63013
RJ,2016-02,61954
RJ,2016-01,61477
SP,2015-01,59185
RJ,2015-10,57827
RJ,2015-12,56277
MG,2016-03,54228
RJ,2016-08,54198
RJ,2016-04,54162
RJ,2015-11,53772
RJ,2017-01,53486
RJ,2016-06,53394
RJ,2016-05,52415
RJ,2017-08,51199
MG,2015-07,51095
MG,2015-08,50535
RJ,2015-02,49978
RJ,2017-05,49656
RJ,2016-07,49469
MG,2015-03,49073
RJ,2016-11,48974
MG,2016-08,48835
RJ,2017-03,48761
MG,2016-01,48728
RJ,2016-09,48690
MG,2015-09,47947
MG,2017-01,47938
RJ,2016-12,47386
MG,2016-02,47227
MG,2017-03,47103
MG,2015-12,47070
MG,2016-04,46505
MG,2016-06,46505
MG,2015-11,46182
MG,2015-06,46176
RJ,2017-07,45923
MG,2016-05,45452
RJ,2017-06,45450
RJ,2016-10,45358
MG,2015-05,45294
MG,2016-12,45131
MG,2016-07,44632
MG,2016-11,44155
MG,2015-10,43964
RJ,2017-10,43797
MG,2017-08,43693
MG,2015-04,43462
MG,2016-09,43246
MG,2017-05,43205
RJ,2018-01,42935
MG,2016-10,42888
MG,2019-01,42607
RJ,2017-09,42103
RJ,2019-01,41755
RJ,2017-02,41369
RJ,2017-04,40438
RJ,2017-11,40329
RJ,2018-03,39919
MG,2017-02,39297
MG,2017-10,39072
MG,2018-03,38516
RJ,2019-05,38319
MG,2017-07,37959
RJ,2017-12,37873
RJ,2018-10,37864
RJ,2018-08,37772
MG,2019-07,37726
MG,2018-01,37722
MG,2017-11,37401
RJ,2018-04,37391
RJ,2019-03,37192
RJ,2020-03,37019
RJ,2019-04,36969
RJ,2019-02,36825
MG,2017-04,36806
MG,2017-09,36786
MG,2017-06,36774
MG,2018-04,36673
MG,2019-05,36643
RJ,2020-04,36533
RJ,2020-05,36443
MG,2018-08,36425
MG,2019-04,36148
RJ,2018-05,35955
MG,2019-02,35912
MG,2018-10,35592
RJ,2018-07,35578
RJ,2019-07,35510
RJ,2018-02,35503
MG,2019-03,35296
RJ,2020-01,35273
MG,2019-08,35072
RJ,2018-11,34936
RJ,2015-01,34906
RJ,2018-09,34651
MG,2020-01,34617
MG,2020-05,34532
MG,2018-05,34504
MG,2020-04,34338
MG,2019-10,34273
MG,2018-07,34040
MG,2017-12,33973
MG,2018-11,33842
RJ,2019-08,33656
RJ,2018-06,33606
RJ,2018-12,33413
MG,2019-09,33286
MG,2018-12,33174
RJ,2019-10,33040
RJ,2019-09,33010
MG,2020-03,32923
BA,2015-07,32863
MG,2015-02,32432
MG,2018-02,32089
MG,2018-06,31766
MG,2018-09,31357
RJ,2019-12,31099
RJ,2020-02,31042
MG,2019-06,30692
RJ,2019-06,30544
MG,2019-12,30528
BA,2015-08,29948
MG,2019-11,29479
MG,2020-02,29373
BA,2015-05,28730
RJ,2019-11,28501
BA,2015-06,27851
BA,2015-09,26174
BA,2015-03,26019
BA,2016-03,24869
MG,2015-01,24743
BA,2016-01,24499
BA,2015-04,24076
BA,2015-10,23511
BA,2016-02,23000
BA,2016-08,22811
BA,2015-12,22681
RS,2016-03,22423
BA,2015-11,22208
BA,2017-03,21483
BA,2016-07,21400
RS,2015-10,21358
BA,2016-05,21334
BA,2016-04,21267
BA,2017-08,20612
BA,2017-05,20425
RS,2015-11,20424
BA,2017-01,20236
BA,2016-11,20194
BA,2016-06,20119
RS,2015-09,20102
PR,2015-07,20043
RS,2016-02,19866
BA,2016-12,19852
BA,2016-10,19512
RS,2015-07,19459
BA,2016-09,19348
RS,2015-08,19347
RS,2015-03,19276
PR,2015-03,19188
BA,2017-10,18895
BA,2017-07,18632
RS,2016-04,18346
BA,2019-07,18295
RS,2015-12,18220
RS,2016-01,18122
PR,2015-09,18107
BA,2019-01,18062
BA,2019-05,18022
PR,2015-06,17697
RS,2015-06,17689
BA,2017-09,17678
BA,2015-02,17600
PR,2015-08,17531
BA,2017-11,17416
BA,2017-06,17415
BA,2017-02,17269
PR,2015-05,17254
RS,2015-04,17181
BA,2017-04,17169
RS,2015-05,17166
BA,2018-04,17155
BA,2018-10,17066
BA,2019-04,17042
PR,2015-04,16945
BA,2018-01,16925
BA,2020-05,16892
PR,2016-08,16781
BA,2018-03,16698
PR,2015-10,16674
BA,2019-08,16569
PR,2016-03,16432
RS,2016-05,16370
BA,2020-04,16204
BA,2018-08,16194
BA,2018-05,16170
BA,2020-01,16150
PR,2015-11,16148
BA,2018-11,15995
BA,2019-10,15875
BA,2018-07,15845
PR,2016-02,15684
PR,2016-01,15681
RS,2016-08,15574
PR,2019-07,15568
BA,2017-12,15349
PR,2015-12,15303
BA,2019-09,15285
RS,2016-11,15274
BA,2019-03,15266
BA,2019-02,15200
PR,2019-01,15186
BA,2018-12,15168
BA,2020-03,15125
PR,2016-07,14984
PR,2017-03,14835
PR,2017-01,14835
PR,2019-05,14821
RS,2016-07,14683
PR,2016-11,14665
PR,2017-08,14656
RS,2017-01,14570
RS,2017-03,14553
RS,2016-10,14546
PR,2017-05,14525
RS,2016-06,14524
PR,2019-08,14504
PR,2020-05,14484
BA,2019-12,14470
BA,2018-02,14400
PR,2016-06,14364
PR,2019-04,14350
PR,2018-10,14258
BA,2018-06,14160
PR,2019-02,14135
BA,2018-09,14046
BA,2019-06,13945
PR,2019-10,13859
PR,2017-10,13858
PR,2016-05,13789
PR,2019-03,13778
PR,2016-04,13756
RS,2015-02,13728
PR,2016-09,13643
PR,2017-11,13642
RS,2016-12,13626
RS,2016-09,13612
RS,2017-05,13607
BA,2019-11,13587
PR,2017-07,13451
PR,2018-03,13391
PR,2019-09,13325
PR,2016-12,13245
PR,2016-10,13238
PR,2018-04,13179
PR,2020-04,13176
PR,2018-01,13154
BA,2020-02,13122
BA,2015-01,13116
PR,2018-08,13111
PR,2020-01,13107
RS,2017-08,13085
PR,2020-03,13069
PR,2017-06,12917
RS,2017-10,12852
GO,2016-03,12792
PR,2018-11,12777
PR,2017-09,12721
GO,2015-07,12562
RS,2015-01,12471
PR,2017-02,12462
GO,2015-08,12384
PR,2019-06,12368
PR,2018-05,12347
RS,2017-02,12309
RS,2017-06,12287
PE,2015-07,12238
PR,2015-02,12091
PR,2018-07,12031
PR,2017-04,11991
GO,2016-08,11975
RS,2020-05,11965
PR,2018-09,11958
PR,2018-12,11859
GO,2015-03,11845
RS,2019-01,11839
PR,2020-02,11791
RS,2017-07,11790
GO,2015-09,11767
PE,2015-08,11661
GO,2016-01,11654
PR,2017-12,11643
GO,2015-06,11628
GO,2015-05,11623
  ,2018-07,11590
PR,2019-11,11568
PR,2018-02,11564
PR,2019-12,11553
GO,2017-03,11527
RS,2020-04,11459
GO,2016-06,11362
GO,2015-12,11317
RS,2018-03,11285
GO,2016-02,11260
GO,2015-04,11147
RS,2017-11,11119
PR,2018-06,11043
RS,2018-04,11020
RS,2017-09,11003
GO,2017-01,11001
PE,2015-09,10983
RS,2017-04,10914
GO,2015-11,10907
RS,2019-05,10880
RS,2019-10,10877
CE,2015-07,10873
GO,2016-05,10867
RS,2020-01,10821
GO,2015-10,10759
RS,2018-10,10753
GO,2016-07,10741
PE,2016-03,10728
GO,2016-04,10724
RS,2020-03,10659
RS,2018-01,10620
PE,2016-08,10591
RS,2018-05,10580
RS,2018-07,10536
PE,2015-06,10513
SC,2015-07,10494
RS,2018-08,10480
GO,2017-08,10478
PE,2015-03,10470
GO,2016-11,10358
PR,2015-01,10355
RS,2019-02,10322
RS,2019-03,10316
PE,2016-01,10315
RS,2019-04,10271
GO,2017-05,10256
PE,2016-02,10215
GO,2016-09,10188
RS,2019-07,10175
PE,2015-05,10136
SC,2016-08,10127
GO,2016-12,10110
RS,2019-08,10108
GO,2020-04,10059
GO,2020-05,9992
RS,2018-11,9984
CE,2016-04,9926
PE,2015-10,9853
CE,2015-03,9774
RS,2017-12,9768
CE,2015-08,9764
CE,2015-05,9745
PE,2015-12,9743
PE,2017-08,9742
GO,2016-10,9713
CE,2016-03,9709
PE,2015-11,9668
RS,2018-06,9632
RS,2019-09,9616
GO,2020-01,9592
PE,2016-04,9583
SC,2015-08,9572
SC,2016-03,9565
CE,2015-04,9561
SC,2015-06,9561
CE,2015-06,9555
SC,2015-05,9542
GO,2019-01,9533
SC,2015-03,9502
RS,2019-11,9486
RS,2018-09,9485
SC,2015-09,9433
RS,2019-12,9398
SC,2017-01,9397
RS,2018-12,9385
GO,2017-02,9371
PE,2015-04,9370
SC,2016-11,9303
SC,2016-07,9294
PE,2016-05,9245
PE,2017-05,9239
SC,2015-11,9227
RS,2020-02,9205
GO,2019-05,9174
SC,2017-03,9134
SC,2015-10,9124
CE,2015-09,9110
PE,2017-03,9104
GO,2017-07,9059
PE,2016-07,9051
CE,2016-05,9045
CE,2016-02,9037
PE,2016-06,9023
SC,2016-01,9009
GO,2017-10,9000
SC,2017-05,8999
GO,2020-03,8979
RS,2018-02,8976
GO,2019-07,8948
GO,2017-09,8946
GO,2018-01,8928
RS,2019-06,8912
GO,2017-06,8889
GO,2019-04,8864
GO,2017-04,8864
PE,2017-07,8843
PE,2016-09,8781
PE,2016-11,8776
GO,2019-03,8700
CE,2016-01,8682
SC,2016-06,8664
SC,2019-01,8631
GO,2018-10,8630
PE,2017-01,8596
GO,2019-08,8592
DF,2016-03,8562
SC,2017-08,8555
GO,2018-03,8535
GO,2019-02,8524
GO,2017-11,8517
SC,2020-05,8509
SC,2015-04,8468
SC,2016-04,8456
GO,2019-10,8443
PE,2017-06,8419
SC,2016-05,8363
CE,2016-08,8344
SC,2016-09,8314
PE,2016-10,8311
SC,2016-02,8267
SC,2015-12,8261
SC,2019-07,8162
GO,2019-12,8138
PE,2016-12,8123
GO,2018-04,8121
SC,2017-07,8097
CE,2016-06,8096
SC,2017-10,8062
CE,2015-10,8051
GO,2020-02,8044
CE,2015-12,8034
SC,2016-12,8022
PE,2017-09,8016
PE,2017-10,7960
GO,2018-08,7947
DF,2015-07,7931
GO,2018-11,7917
SC,2016-10,7891
DF,2016-08,7881
GO,2019-09,7877
GO,2018-12,7861
PE,2019-01,7821
CE,2015-11,7800
SC,2019-08,7793
GO,2017-12,7775
SC,2019-02,7770
CE,2017-03,7768
GO,2019-06,7754
SC,2020-01,7753
SC,2017-02,7752
SC,2018-01,7732
SC,2020-04,7726
DF,2019-01,7717
GO,2018-05,7713
DF,2016-01,7685
GO,2015-02,7673
SC,2017-11,7672
GO,2018-02,7656
PE,2020-05,7653
SC,2019-05,7652
DF,2015-03,7651
SC,2017-09,7602
PE,2019-07,7600
DF,2015-12,7559
GO,2019-11,7554
DF,2017-08,7548
DF,2017-03,7534
SC,2019-04,7519
SC,2017-06,7513
PE,2019-05,7507
CE,2017-01,7496
PE,2019-04,7492
DF,2017-01,7473
SC,2018-08,7471
SC,2019-10,7451
PE,2017-11,7448
PE,2018-01,7447
DF,2020-05,7413
SC,2018-10,7403
SC,2019-03,7380
DF,2020-04,7337
PE,2018-04,7328
DF,2016-02,7327
PE,2017-04,7321
SC,2018-03,7320
SC,2020-03,7308
CE,2017-05,7297
SC,2018-04,7293
CE,2016-07,7276
SC,2019-09,7268
DF,2017-05,7260
GO,2018-09,7248
SC,2017-04,7242
PE,2020-04,7232
PE,2018-08,7229
PE,2019-08,7219
PE,2020-01,7214
DF,2016-04,7195
CE,2016-11,7186
DF,2015-05,7173
DF,2016-07,7169
DF,2016-06,7167
DF,2015-09,7120
DF,2020-01,7118
DF,2016-05,7102
PE,2017-02,7087
DF,2015-08,7083
CE,2016-09,7082
CE,2017-08,7073
CE,2016-10,7070
PE,2018-03,7064
PE,2018-05,7064
DF,2019-05,7052
DF,2019-07,7046
DF,2016-12,7044
PE,2015-02,7043
DF,2019-04,6998
PE,2018-07,6957
DF,2018-03,6944
DF,2015-06,6934
PE,2018-10,6921
DF,2020-03,6915
CE,2016-12,6906
CE,2020-05,6901
DF,2019-02,6898
GO,2018-06,6875
SC,2018-11,6862
CE,2019-01,6854
SC,2018-05,6823
GO,2018-07,6820
PE,2020-03,6792
DF,2015-04,6789
SC,2019-11,6772
ES,2015-07,6770
DF,2019-08,6767
PE,2019-12,6761
DF,2016-11,6756
SC,2018-07,6733
PE,2019-03,6683
DF,2019-03,6678
SC,2020-02,6664
DF,2019-10,6656
DF,2018-10,6622
CE,2017-07,6606
DF,2017-09,6603
DF,2015-11,6585
PE,2018-11,6581
DF,2017-07,6579
SC,2019-06,6579
PE,2018-06,6578
SC,2018-02,6573
DF,2017-10,6564
PE,2017-12,6558
PE,2018-12,6548
PE,2019-10,6546
SC,2017-12,6545
DF,2015-10,6537
DF,2018-04,6522
DF,2017-06,6509
CE,2019-05,6509
SC,2019-12,6498
PE,2019-06,6485
CE,2017-10,6479
SC,2018-09,6479
SC,2018-12,6474
DF,2018-01,6466
CE,2020-01,6430
DF,2016-09,6425
DF,2019-09,6421
PE,2019-02,6419
DF,2019-12,6412
PE,2019-09,6411
CE,2019-07,6391
DF,2017-02,6367
PE,2018-02,6349
DF,2018-05,6349
CE,2019-04,6349
CE,2017-06,6325
DF,2018-08,6323
CE,2020-04,6315
DF,2017-04,6306
SC,2015-02,6291
DF,2017-11,6282
ES,2015-03,6254
DF,2016-10,6248
PE,2020-02,6240
ES,2015-08,6240
SC,2018-06,6222
DF,2018-11,6219
CE,2017-02,6199
CE,2017-11,6193
PE,2018-09,6192
CE,2017-04,6131
ES,2015-06,6128
GO,2015-01,6117
CE,2018-01,6116
CE,2017-09,6114
CE,2018-05,6052
CE,2019-02,6052
PE,2019-11,6038
CE,2018-04,5997
DF,2020-02,5989
PA,2016-03,5987
DF,2018-02,5986
CE,2018-10,5981
DF,2019-11,5952
CE,2018-03,5928
CE,2020-03,5870
DF,2018-12,5855
ES,2015-09,5797
CE,2018-07,5766
CE,2018-08,5761
ES,2016-03,5750
DF,2019-06,5747
DF,2017-12,5704
DF,2018-09,5690
CE,2019-03,5676
CE,2018-12,5666
ES,2015-05,5662
PE,2015-01,5654
CE,2015-02,5621
SC,2015-01,5573
CE,2019-12,5537
ES,2015-04,5524
CE,2019-10,5502
CE,2017-12,5500
CE,2019-08,5477
CE,2019-06,5461
PA,2016-05,5458
CE,2018-11,5444
PA,2016-06,5442
CE,2020-02,5426
DF,2018-07,5389
ES,2016-01,5361
DF,2018-06,5360
ES,2016-04,5291
CE,2018-02,5288
ES,2016-08,5276
CE,2019-09,5272
ES,2015-10,5265
PA,2016-04,5239
CE,2018-06,5211
ES,2016-05,5151
  ,2015-01,5123
ES,2017-01,5119
PA,2015-08,5115
ES,2015-11,5108
ES,2016-02,5095
ES,2015-12,5075
ES,2017-05,5069
PA,2015-07,4990
ES,2017-03,4973
CE,2018-09,4961
DF,2015-02,4954
PA,2016-02,4949
CE,2015-01,4921
ES,2016-06,4895
  ,2015-02,4870
ES,2016-07,4868
PA,2015-06,4861
PA,2015-09,4816
PA,2016-08,4808
PA,2016-07,4804
CE,2019-11,4799
PA,2015-05,4788
ES,2016-11,4739
PA,2015-03,4732
ES,2016-12,4703
PA,2016-01,4626
PA,2017-03,4589
PA,2017-01,4525
ES,2017-08,4510
ES,2016-09,4485
ES,2016-10,4463
PA,2015-10,4398
ES,2017-06,4376
DF,2015-01,4362
PA,2016-09,4325
PA,2015-04,4298
ES,2018-03,4283
ES,2017-07,4282
PA,2015-12,4265
PA,2016-10,4235
ES,2017-04,4195
PA,2016-11,4158
MA,2015-07,4138
PA,2017-05,4084
ES,2019-01,4077
PA,2015-11,4075
ES,2020-01,4025
ES,2020-05,3966
ES,2017-02,3960
ES,2017-10,3948
ES,2020-04,3876
PA,2016-12,3824
ES,2020-03,3813
PA,2017-08,3807
ES,2019-10,3805
ES,2019-07,3767
PA,2017-02,3753
MA,2015-05,3749
MA,2015-08,3733
ES,2018-05,3714
ES,2017-09,3710
ES,2015-02,3701
ES,2017-11,3693
ES,2018-01,3672
ES,2018-04,3671
MA,2015-11,3642
PA,2017-07,3624
ES,2019-02,3613
PA,2017-10,3608
PA,2020-05,3603
MA,2016-03,3591
MA,2015-06,3587
ES,2019-09,3586
ES,2018-10,3583
MA,2015-04,3583
PA,2018-03,3572
ES,2019-12,3570
ES,2019-05,3559
PA,2019-01,3556
ES,2018-08,3533
PA,2017-04,3522
  ,2018-06,3514
PA,2017-11,3486
PA,2020-04,3484
PA,2018-01,3482
MA,2016-01,3459
ES,2019-11,3448
MA,2015-03,3448
PA,2017-06,3438
MA,2016-04,3422
ES,2019-04,3398
PA,2018-04,3379
ES,2019-08,3375
ES,2018-07,3361
MA,2015-09,3357
PA,2015-02,3355
ES,2019-03,3352
ES,2018-11,3341
SE,2015-07,3314
PA,2017-09,3280
ES,2020-02,3275
ES,2017-12,3224
MA,2016-02,3207
MA,2016-05,3206
PA,2018-02,3191
ES,2015-01,3187
ES,2018-09,3165
PA,2018-05,3162
MA,2015-12,3138
MA,2015-10,3122
ES,2018-06,3109
ES,2019-06,3105
PA,2019-02,3086
MA,2017-03,3067
PA,2019-05,3067
PA,2018-08,3063
ES,2018-02,3062
ES,2018-12,3058
MS,2015-07,3048
PA,2017-12,3047
PB,2015-07,3044
PA,2019-07,3032
PA,2018-12,3027
SE,2015-08,3026
PA,2020-03,3015
MS,2015-05,3013
PA,2018-10,2996
PA,2019-04,2985
PA,2018-11,2983
AM,2020-05,2973
PB,2016-03,2963
AM,2020-04,2963
PB,2015-08,2949
PA,2020-01,2941
MA,2017-05,2939
SE,2015-09,2914
MS,2015-06,2911
SE,2015-06,2895
MS,2015-09,2887
MA,2017-01,2886
MA,2016-06,2871
PA,2019-03,2866
SE,2015-05,2845
PB,2015-09,2830
PA,2018-09,2827
PA,2019-08,2824
PB,2016-04,2817
PB,2020-05,2814
PB,2016-08,2808
PB,2017-08,2796
MS,2015-03,2786
PB,2019-07,2784
SE,2016-03,2783
PB,2017-05,2781
SE,2015-12,2777
SE,2016-01,2776
PB,2019-01,2775
MA,2016-08,2772
MS,2016-01,2771
PB,2015-05,2768
PB,2019-05,2767
PB,2016-01,2765
MT,2015-07,2761
MT,2015-06,2759
MT,2015-04,2759
AM,2016-03,2757
MS,2016-03,2751
SE,2015-03,2746
PA,2018-06,2742
MT,2015-05,2738
SE,2016-08,2733
PB,2017-03,2728
PB,2020-01,2722
SE,2016-04,2722
PA,2018-07,2717
PB,2015-06,2708
MT,2016-03,2706
PB,2017-01,2705
PA,2019-10,2704
PB,2016-05,2699
  ,2018-08,2699
PB,2015-03,2698
MS,2015-08,2692
AM,2015-07,2682
PB,2018-01,2663
MT,2016-08,2661
PB,2017-10,2658
PB,2015-12,2653
SE,2015-04,2649
PB,2016-02,2648
MA,2016-11,2648
PA,2019-09,2648
SE,2015-11,2647
PB,2020-04,2645
PA,2019-06,2643
SE,2016-05,2638
PB,2019-02,2624
MA,2016-07,2618
MS,2015-04,2613
MT,2017-03,2612
SE,2016-02,2610
PA,2019-12,2610
SE,2015-10,2609
PB,2017-09,2607
MA,2017-08,2603
AM,2020-03,2603
MS,2015-10,2593
MT,2015-03,2592
MS,2016-02,2582
RN,2015-07,2578
PB,2016-07,2573
PB,2015-11,2569
PA,2020-02,2567
SE,2017-03,2561
AM,2015-08,2561
MA,2017-02,2560
AM,2015-06,2544
MT,2015-08,2543
PB,2015-10,2543
MT,2017-01,2540
PI,2017-03,2538
PB,2016-09,2530
PB,2017-11,2522
PB,2016-12,2521
PB,2019-08,2513
MA,2020-05,2513
MA,2016-12,2505
PA,2015-01,2502
MS,2015-11,2493
PB,2016-11,2489
PB,2016-06,2483
PB,2017-07,2482
SE,2017-08,2471
SE,2017-01,2471
PB,2019-04,2470
MA,2017-07,2466
MT,2017-08,2457
AM,2016-01,2451
PB,2019-03,2446
MA,2017-04,2444
MS,2015-12,2442
PB,2018-08,2440
MT,2016-01,2436
MT,2016-11,2434
MA,2016-10,2429
SE,2016-06,2429
SE,2016-07,2419
AM,2016-04,2407
MT,2016-12,2407
SE,2017-05,2405
MS,2016-08,2403
MA,2018-01,2403
AM,2015-09,2397
MT,2015-09,2392
SE,2016-12,2386
PB,2018-04,2383
PA,2019-11,2382
MT,2016-06,2382
AM,2015-12,2381
PB,2016-10,2381
MT,2016-04,2375
MA,2018-04,2370
MT,2017-05,2365
MT,2016-05,2365
PB,2019-10,2364
PB,2018-10,2363
PB,2015-04,2359
PB,2020-03,2359
PB,2019-12,2356
PB,2017-04,2351
MA,2018-03,2350
AM,2016-02,2348
MT,2016-07,2347
SE,2017-07,2345
MS,2016-07,2344
RN,2015-06,2340
AM,2016-05,2337
RN,2015-08,2336
MS,2017-01,2332
PB,2017-06,2329
MS,2017-08,2321
MT,2016-09,2321
PB,2018-03,2315
MT,2016-10,2310
MA,2017-06,2304
MS,2017-03,2301
AM,2015-05,2298
MT,2017-10,2297
PB,2019-09,2292
MT,2017-02,2291
PB,2020-02,2290
AM,2015-11,2286
MT,2016-02,2284
SE,2016-11,2283
MS,2016-05,2281
MA,2017-11,2280
RN,2015-05,2274
SE,2019-01,2265
MS,2017-05,2265
AM,2015-04,2265
PB,2018-05,2264
MS,2016-06,2263
PB,2018-12,2258
MA,2018-05,2255
MT,2015-10,2254
RN,2015-03,2250
PB,2017-12,2241
PB,2017-02,2239
SE,2016-09,2237
PB,2018-11,2236
AM,2015-10,2228
SE,2016-10,2227
MS,2016-04,2225
AM,2019-01,2225
RN,2016-08,2216
PB,2018-09,2210
PI,2016-03,2210
PB,2018-07,2209
MS,2020-04,2206
PI,2016-04,2205
AM,2015-03,2204
MA,2016-09,2200
PB,2019-11,2199
MA,2019-01,2196
RN,2015-09,2195
MA,2017-10,2190
SE,2017-10,2182
SE,2017-09,2170
SE,2019-08,2162
MA,2020-04,2161
SE,2017-02,2157
PB,2019-06,2157
RN,2017-05,2148
RN,2015-04,2148
PB,2018-02,2145
MS,2016-09,2142
MT,2015-12,2136
RN,2017-08,2135
MT,2015-11,2133
MA,2019-05,2131
RN,2020-05,2129
AM,2016-06,2127
SE,2017-06,2120
SE,2017-04,2113
MT,2017-11,2103
MA,2017-09,2101
SE,2019-07,2099
MS,2016-11,2097
SE,2020-04,2095
RN,2017-03,2093
MT,2017-07,2091
MT,2017-04,2089
SE,2020-05,2084
RN,2016-03,2080
SE,2019-10,2077
MA,2018-02,2077
SE,2018-03,2074
SE,2018-04,2071
MS,2020-05,2069
AM,2016-07,2064
MT,2017-09,2058
MA,2019-07,2057
MA,2018-08,2054
MA,2015-02,2053
MS,2018-01,2046
SE,2017-11,2046
RN,2016-02,2046
MS,2017-07,2037
RN,2016-01,2030
SE,2019-09,2028
MS,2017-10,2027
MS,2019-01,2027
MT,2017-06,2025
RN,2015-10,2024
RN,2016-11,2010
MT,2018-03,2009
MT,2019-01,2008
MS,2016-12,2007
PI,2016-02,2003
RN,2015-12,2003
SE,2018-01,1999
MA,2017-12,1998
MA,2018-10,1996
AM,2016-08,1990
MS,2017-06,1979
MS,2017-02,1977
MT,2018-01,1976
MS,2017-11,1975
SE,2020-01,1973
PI,2017-05,1973
AM,2019-05,1970
AM,2017-01,1969
MA,2018-06,1966
RN,2016-06,1963
MT,2020-05,1960
AM,2019-07,1958
AM,2017-05,1958
MS,2019-02,1958
RN,2015-11,1953
PI,2017-02,1948
PB,2018-06,1948
MT,2018-04,1947
MS,2015-02,1945
RN,2020-04,1943
MS,2018-03,1941
MA,2018-11,1936
SE,2015-02,1931
MA,2018-07,1924
MS,2017-09,1923
MA,2019-02,1922
RN,2017-07,1921
RN,2017-10,1921
PI,2016-05,1918
MS,2020-01,1918
SE,2018-10,1913
MS,2016-10,1912
MT,2020-04,1910
RN,2016-12,1909
AM,2019-02,1909
SE,2019-05,1906
RN,2016-07,1904
RN,2017-01,1903
MA,2019-04,1901
AL,2015-07,1899
SE,2019-04,1896
RN,2016-10,1890
PI,2016-06,1889
MA,2020-03,1889
AM,2017-03,1888
RN,2016-04,1885
PI,2017-01,1883
SE,2019-02,1882
MT,2015-02,1881
MS,2018-08,1872
SE,2018-05,1872
RN,2018-05,1865
RN,2019-01,1865
MT,2018-10,1860
SE,2018-11,1860
MS,2020-03,1859
MS,2019-07,1858
SE,2018-07,1857
MT,2019-07,1856
SE,2017-12,1855
MS,2018-11,1855
SE,2018-08,1853
MA,2019-03,1852
MS,2018-10,1852
MT,2019-02,1848
AM,2016-11,1848
MS,2018-04,1842
MS,2018-05,1840
MS,2019-05,1836
MA,2018-12,1833
AM,2019-04,1832
RN,2017-09,1829
PI,2016-08,1827
RN,2016-09,1826
RN,2020-01,1825
PI,2016-01,1822
RN,2016-05,1821
MA,2018-09,1821
RN,2019-07,1819
MT,2018-05,1817
PI,2018-04,1814
SE,2018-12,1814
AM,2019-03,1811
SE,2020-03,1811
AL,2019-07,1809
RN,2019-04,1808
MS,2019-03,1806
SE,2019-11,1801
AM,2017-08,1799
MS,2019-04,1797
MA,2019-09,1794
SE,2019-12,1793
AL,2020-05,1792
MT,2020-03,1789
MT,2020-01,1789
MS,2017-04,1788
SE,2018-02,1783
AM,2017-07,1782
MT,2018-02,1781
PI,2018-01,1778
PI,2017-04,1775
MA,2020-01,1767
RN,2017-11,1767
MS,2017-12,1766
RN,2017-06,1764
AM,2019-08,1756
MT,2017-12,1753
AM,2017-10,1748
MA,2019-08,1747
PI,2015-07,1744
MT,2019-03,1744
PB,2015-02,1741
AM,2016-12,1738
RN,2019-03,1735
RN,2018-08,1731
RN,2019-05,1726
MS,2019-08,1725
MS,2018-07,1722
RN,2018-04,1718
PI,2015-09,1717
RN,2017-02,1716
PI,2018-03,1713
MS,2020-02,1712
AL,2015-08,1710
AM,2017-06,1710
PI,2018-05,1709
AM,2019-10,1707
MA,2019-10,1707
MA,2019-12,1704
MS,2018-02,1702
RN,2017-04,1701
MT,2018-11,1701
MT,2018-08,1699
SE,2019-03,1693
MS,2019-09,1689
RN,2018-10,1688
MT,2019-05,1688
RN,2018-01,1686
PI,2015-08,1685
AM,2018-12,1683
MA,2019-06,1681
SE,2018-09,1681
AM,2016-09,1681
SE,2018-06,1678
RN,2018-07,1677
RN,2020-03,1677
AM,2020-01,1677
AM,2018-10,1674
AM,2018-01,1674
AM,2020-02,1673
MT,2019-10,1672
MT,2018-07,1672
AM,2018-03,1669
AM,2018-11,1664
MS,2019-12,1663
RN,2019-08,1663
AM,2016-10,1661
AM,2019-09,1660
PI,2016-11,1652
SE,2019-06,1650
MT,2019-08,1648
MS,2018-09,1647
AL,2019-01,1645
PI,2015-06,1644
SE,2020-02,1642
MT,2019-04,1642
RN,2018-11,1638
AM,2017-02,1633
AL,2020-01,1626
MA,2015-01,1625
PI,2015-05,1625
MT,2020-02,1621
AM,2019-06,1618
PI,2016-07,1615
PI,2016-12,1614
PI,2019-01,1613
RN,2019-02,1611
RN,2019-09,1609
RN,2018-12,1608
MS,2019-10,1604
PI,2017-08,1602
RN,2017-12,1597
AL,2015-06,1589
RN,2018-03,1589
PI,2016-10,1588
PI,2018-08,1587
AM,2017-11,1586
MA,2020-02,1585
MS,2018-12,1585
AL,2016-08,1575
PI,2018-07,1573
AL,2020-04,1572
AL,2015-09,1571
MT,2018-09,1570
MS,2019-06,1569
RN,2018-06,1564
AM,2017-04,1564
MS,2019-11,1562
AL,2019-08,1561
MT,2019-09,1558
MS,2018-06,1558
AM,2019-12,1558
PI,2020-05,1558
MT,2019-06,1556
MT,2018-06,1552
PI,2015-11,1551
AL,2017-05,1550
RN,2020-02,1550
AL,2017-08,1549
PI,2015-10,1542
PI,2018-10,1536
MA,2019-11,1532
PI,2017-07,1528
PI,2018-02,1527
RN,2019-10,1526
AM,2018-04,1523
PI,2017-11,1521
AM,2017-09,1517
PB,2015-01,1516
MS,2015-01,1515
RN,2019-12,1515
PI,2017-10,1514
PI,2015-12,1514
AL,2017-03,1504
PI,2015-03,1504
AL,2016-11,1502
AM,2018-07,1499
AL,2015-10,1498
MT,2019-12,1497
MT,2018-12,1496
PI,2017-09,1494
PI,2018-06,1492
AL,2016-03,1491
PI,2019-07,1488
AL,2016-06,1484
PI,2020-04,1483
PI,2017-06,1482
SE,2015-01,1480
RN,2018-02,1472
AL,2015-12,1471
RN,2018-09,1471
PI,2019-02,1470
PI,2020-01,1467
AL,2017-01,1465
AL,2015-05,1459
RN,2019-06,1454
AM,2015-02,1450
AL,2016-12,1450
AM,2018-08,1446
AL,2016-07,1445
AM,2019-11,1442
AL,2018-01,1440
PI,2016-09,1438
PI,2017-12,1434
AL,2017-10,1430
AL,2017-07,1421
AL,2019-05,1420
AL,2015-11,1420
AL,2019-04,1418
MT,2019-11,1417
AL,2017-09,1416
AL,2018-11,1415
AM,2018-05,1412
AL,2018-10,1410
PI,2019-05,1407
PI,2015-04,1404
AL,2020-02,1403
AL,2016-05,1401
AM,2018-02,1397
AM,2017-12,1397
AL,2017-11,1394
AL,2018-12,1392
PI,2018-11,1390
AL,2020-03,1386
PI,2019-04,1383
RN,2015-02,1381
AL,2017-06,1376
AM,2018-06,1375
AL,2016-01,1372
PI,2018-12,1371
AL,2016-09,1370
PI,2020-03,1362
MT,2015-01,1361
PI,2018-09,1358
AL,2019-12,1358
AL,2015-03,1358
AL,2019-02,1358
AL,2019-10,1352
RN,2019-11,1349
AL,2016-10,1348
PI,2019-08,1348
AL,2016-04,1333
AL,2016-02,1329
PI,2019-03,1327
AL,2015-04,1314
AM,2018-09,1310
AL,2019-06,1310
AL,2018-03,1297
PI,2020-02,1290
AL,2018-04,1283
AL,2018-05,1278
AL,2018-08,1278
PI,2019-09,1267
PI,2019-10,1266
AL,2019-11,1265
AL,2019-09,1261
AL,2018-09,1258
AL,2018-02,1253
AL,2017-12,1251
AL,2019-03,1242
AL,2018-07,1195
AL,2017-02,1188
AM,2015-01,1182
PI,2019-06,1168
AL,2018-06,1150
RN,2015-01,1150
AL,2017-04,1149
PI,2019-12,1149
PI,2019-11,1140
RO,2015-07,939
RO,2015-09,930
AL,2015-02,927
RO,2015-08,904
RO,2016-03,901
PI,2015-02,896
RO,2017-05,882
RO,2015-05,873
RO,2015-12,870
RO,2016-04,854
  ,2016-06,852
AL,2015-01,850
RO,2017-03,840
RO,2016-06,837
RO,2015-11,829
RO,2016-07,828
RO,2015-03,827
TO,2016-03,826
RO,2016-05,826
RO,2015-06,824
RO,2016-08,821
RO,2016-01,813
RO,2015-10,806
RO,2017-08,786
  ,2019-01,785
RO,2015-04,769
TO,2016-04,759
RO,2020-04,758
RO,2017-01,755
TO,2016-02,733
RO,2016-02,728
TO,2015-07,725
  ,2018-10,724
TO,2016-06,723
PI,2015-01,719
RO,2017-09,712
TO,2016-01,710
TO,2015-06,708
TO,2015-12,706
RO,2017-02,706
TO,2015-09,705
TO,2015-08,702
  ,2016-08,702
  ,2016-07,700
  ,2017-03,696
TO,2015-03,681
TO,2015-10,676
RO,2017-04,676
RO,2016-12,676
RO,2017-10,674
  ,2017-07,672
  ,2017-02,670
TO,2017-03,668
RO,2020-05,667
RO,2016-10,664
RO,2016-09,663
TO,2017-01,661
RO,2016-11,661
TO,2015-04,660
TO,2015-11,658
TO,2020-01,656
TO,2015-05,656
RO,2017-06,650
  ,2017-01,648
TO,2016-08,644
RO,2017-07,633
TO,2016-05,626
TO,2020-04,626
TO,2016-12,622
TO,2020-05,616
  ,2018-05,611
  ,2016-09,601
TO,2018-01,600
RO,2018-03,594
RO,2019-01,593
RO,2017-11,592
TO,2016-11,590
  ,2019-02,589
  ,2017-05,588
RO,2019-07,586
  ,2018-04,586
RO,2018-10,580
  ,2015-03,574
  ,2017-08,568
TO,2016-07,563
TO,2016-10,561
RO,2020-01,560
  ,2016-12,557
TO,2020-03,549
TO,2017-08,548
  ,2018-12,548
  ,2018-01,548
TO,2017-02,547
RO,2015-02,547
  ,2016-03,545
RO,2018-01,545
RO,2019-02,545
TO,2017-05,541
  ,2016-05,539
RO,2018-08,539
RO,2019-05,538
RO,2018-07,537
RO,2019-04,535
  ,2018-02,534
TO,2019-01,530
  ,2017-10,528
RO,2017-12,527
  ,2018-11,526
TO,2016-09,525
  ,2019-03,524
RO,2019-03,522
RO,2018-02,520
TO,2017-10,517
  ,2018-03,517
RO,2018-11,516
  ,2018-09,516
  ,2017-04,514
RO,2020-03,513
  ,2017-06,512
TO,2019-12,512
RO,2018-04,507
  ,2016-10,506
  ,2016-01,501
  ,2017-09,501
  ,2016-02,499
TO,2017-11,497
  ,2017-12,497
  ,2016-11,494
RO,2020-02,490
TO,2019-02,488
RO,2019-10,485
RO,2019-08,485
TO,2017-07,481
TO,2018-10,481
RO,2018-05,481
TO,2017-06,480
TO,2018-03,480
RR,2015-07,480
RO,2019-09,478
TO,2017-04,478
RO,2018-06,477
RO,2018-09,477
TO,2019-11,473
RO,2018-12,468
  ,2017-11,466
RO,2015-01,465
RO,2019-06,464
TO,2015-02,460
TO,2020-02,457
TO,2017-09,456
TO,2018-05,454
  ,2019-05,452
TO,2018-02,452
TO,2019-08,452
TO,2019-10,446
  ,2015-12,442
  ,2019-04,441
TO,2017-12,440
TO,2018-12,430
TO,2019-07,430
TO,2019-03,425
TO,2019-05,425
RO,2019-12,424
RO,2019-11,424
TO,2019-09,424
TO,2018-04,420
TO,2019-04,416
TO,2018-11,413
TO,2018-08,407
  ,2015-09,407
RR,2015-06,406
  ,2015-10,404
  ,2016-04,402
  ,2019-07,398
TO,2018-09,392
RR,2015-08,390
  ,2015-11,383
RR,2015-12,383
TO,2015-01,383
  ,2015-07,376
TO,2018-07,371
AP,2019-06,368
AC,2020-04,365
RR,2016-05,365
  ,2015-06,363
TO,2018-06,360
RR,2015-09,359
TO,2019-06,359
AP,2015-10,354
AC,2019-04,353
RR,2016-06,348
AP,2015-07,345
AP,2016-03,339
  ,2015-08,338
AC,2020-05,336
AP,2015-12,328
RR,2015-05,326
AP,2019-04,324
AP,2019-05,322
RR,2016-03,321
AP,2017-05,318
AP,2015-08,317
AP,2016-08,315
RR,2016-02,313
AP,2019-01,313
RR,2015-11,312
AP,2015-05,312
AC,2017-01,309
RR,2016-08,306
RR,2016-04,304
AC,2017-03,304
AP,2015-09,300
AP,2015-06,299
AC,2016-12,299
AP,2017-03,296
AP,2017-07,293
AC,2019-01,293
AC,2015-06,291
AC,2016-08,290
AP,2017-06,290
AP,2015-04,290
  ,2019-09,289
AC,2017-09,288
AP,2015-03,287
AC,2017-05,287
AC,2015-03,285
AC,2017-10,284
RR,2015-10,283
AC,2017-08,279
  ,2019-06,279
AP,2016-09,278
AC,2019-03,275
AC,2015-04,275
AC,2019-05,272
AP,2016-01,271
AC,2019-02,270
AP,2017-08,270
AC,2020-03,269
AP,2018-10,269
AP,2017-01,268
AP,2016-02,266
AP,2015-11,265
AP,2019-03,265
RR,2016-07,264
AP,2018-12,263
  ,2019-08,262
AP,2016-11,262
AP,2017-04,262
AC,2015-08,259
AP,2019-02,259
RR,2016-01,259
AC,2015-10,258
AP,2016-10,258
AP,2018-11,255
RR,2015-03,255
AC,2017-02,254
AC,2019-07,254
AC,2020-01,253
AC,2018-07,252
AC,2015-07,252
AP,2020-03,251
AC,2018-10,250
AP,2020-04,250
AC,2016-06,249
AC,2018-08,248
  ,2019-10,248
AC,2017-07,248
AC,2017-06,248
AC,2020-02,246
AP,2016-04,244
AC,2019-06,243
AC,2018-11,242
RR,2017-03,241
AC,2016-03,241
AP,2018-01,240
RR,2015-04,239
AP,2020-05,239
AC,2019-11,238
AC,2018-12,238
AC,2019-09,237
  ,2015-05,236
AC,2018-01,235
AC,2015-05,234
AC,2015-12,232
AC,2015-09,232
AP,2019-09,232
AC,2016-10,231
AC,2016-07,230
AC,2017-12,229
AC,2019-08,228
AP,2019-10,226
AP,2016-05,225
AC,2016-11,225
AC,2017-04,224
AP,2016-07,224
AC,2018-05,223
AP,2016-06,221
AP,2018-05,221
AP,2017-09,221
AC,2016-09,220
AC,2019-10,220
AC,2015-11,219
AC,2019-12,219
AP,2019-08,219
RR,2016-09,218
AC,2016-05,217
AC,2018-09,217
RR,2017-05,217
AP,2018-04,215
AC,2016-04,215
AC,2018-03,213
AC,2018-02,213
RR,2017-08,213
AC,2018-04,211
AC,2016-01,211
RR,2017-01,211
AP,2017-12,209
AC,2017-11,209
RR,2016-11,204
AP,2015-02,203
AP,2018-02,202
AP,2018-06,202
AP,2019-07,201
AP,2019-12,200
AC,2016-02,200
AP,2018-03,199
AP,2016-12,195
RR,2017-07,195
AP,2017-10,193
  ,2019-11,193
RR,2017-02,192
AP,2015-01,191
AP,2020-01,190
AP,2017-02,190
AP,2017-11,187
RR,2019-01,186
AC,2018-06,186
RR,2017-11,183
RR,2017-04,182
RR,2016-10,181
RR,2018-08,173
RR,2017-12,170
AP,2018-07,169
RR,2016-12,168
AP,2018-09,167
RR,2018-01,166
AP,2018-08,165
AP,2019-11,165
RR,2017-10,164
RR,2017-06,161
RR,2018-03,160
RR,2019-05,157
RR,2019-07,153
RR,2019-08,152
RR,2020-04,151
RR,2020-05,151
RR,2018-11,150
RR,2019-09,149
RR,2019-02,148
RR,2018-02,148
RR,2017-09,147
AC,2015-01,147
RR,2018-10,145
AC,2015-02,144
RR,2018-04,143
RR,2019-04,143
RR,2019-03,143
RR,2018-12,141
RR,2019-06,140
RR,2018-07,140
RR,2015-02,136
RR,2019-10,134
RR,2020-03,131
RR,2020-01,130
AP,2020-02,125
RR,2018-09,125
  ,2015-04,124
RR,2015-01,120
RR,2018-06,119
RR,2019-12,117
RR,2018-05,115
RR,2019-11,107
RR,2020-02,93
,2020-05,19
,2020-04,16
,2020-03,15
,2020-01,7
,2019-12,4
,2020-02,2
