assunto,marca,solicitacoes
Cobrança,OI,1631958
Cobrança,VIVO,1508479
"Qualidade, Funcionamento e Reparo",OI,1004141
Cobrança,CLARO,937568
Cobrança,TIM,848595
Cobrança,NET,688316
"Qualidade, Funcionamento e Reparo",VIVO,636872
Qualidade e Funcionamento do Serviço ou Equipamento,OI,496782
Crédito Pré-pago,TIM,490934
Cobrança,SKY,431030
"Qualidade, Funcionamento e Reparo",TIM,421812
Cancelamento,VIVO,338277
Instalação ou Ativação ou Habilitação,OI,312812
Instalação ou Ativação ou Habilitação,VIVO,274189
"Oferta, Bônus, Promoções, Mensagens Publicitárias e Mudança de Plano",TIM,261787
Cancelamento,OI,256509
"Oferta, Bônus, Promoções, Mensagens Publicitárias e Mudança de Plano",OI,246415
Cancelamento,TIM,243069
"Oferta, Bônus, Promoções, Mensagens Publicitárias e Mudança de Plano",VIVO,238938
Qualidade e Funcionamento do Serviço ou Equipamento,VIVO,224888
Crédito Pré-pago,VIVO,220334
Crédito Pré-pago,CLARO,219331
Cobrança,NEXTEL,217467
"Qualidade, Funcionamento e Reparo",NET,205937
Cancelamento,CLARO,191783
"Qualidade, Funcionamento e Reparo",CLARO,187814
Bloqueio ou Suspensão e Desbloqueio,TIM,187093
Bloqueio ou Suspensão e Desbloqueio,OI,185039
Bloqueio ou Suspensão e Desbloqueio,VIVO,180482
Atendimento,VIVO,172275
Crédito Pré-pago,OI,167861
Instalação ou Ativação ou Habilitação,TIM,158926
"Oferta, Bônus, Promoções, Mensagens Publicitárias e Mudança de Plano",CLARO,150680
Bloqueio ou Suspensão e Desbloqueio,CLARO,136860
Cancelamento,NET,129903
Atendimento,OI,129540
Instalação ou Ativação ou Habilitação,NET,115848
Atendimento,TIM,114183
Instalação ou Ativação ou Habilitação,CLARO,109954
"Oferta, Bônus, Promoções, Mensagens Publicitárias e Mudança de Plano",NET,103723
Atendimento,CLARO,102090
Ressarcimento,TIM,101860
Mudança de Endereço,VIVO,96614
Mudança de Endereço,OI,92268
"Qualidade, Funcionamento e Reparo",SKY,91937
Ressarcimento,VIVO,83369
Bloqueio ou Suspensão e Desbloqueio,NET,81524
"Qualidade, Funcionamento e Reparo",Outros,81396
"Documento de Cobrança, Contrato, Gravações",OI,81050
Bloqueio ou Suspensão e Desbloqueio,SKY,78214
"Documento de Cobrança, Contrato, Gravações",VIVO,77954
Ressarcimento,OI,75754
Instalação ou Ativação ou Habilitação,SKY,72333
Qualidade e Funcionamento do Serviço ou Equipamento,TIM,70260
Portabilidade,VIVO,70020
Qualidade e Funcionamento do Serviço ou Equipamento,NET,66480
Portabilidade,TIM,65601
Cancelamento,NEXTEL,62260
Qualidade e Funcionamento do Serviço ou Equipamento,SKY,59088
Cancelamento,SKY,58361
Dados cadastrais e número da linha,TIM,58346
Ressarcimento,CLARO,58162
NÃO APLICÁVEL,Outros,58098
Atendimento,Outros,57093
"Documento de Cobrança, Contrato, Gravações",TIM,55307
Qualidade e Funcionamento do Serviço ou Equipamento,CLARO,55203
Dados cadastrais e número da linha,VIVO,48574
Portabilidade,CLARO,47443
Atendimento,NET,47339
"Oferta, Bônus, Promoções, Mensagens Publicitárias e Mudança de Plano",SKY,45322
Canais de Relacionamento,Outros,44774
Dificuldade em cancelar,OI,40453
Portabilidade,OI,39591
"Bloqueio, desbloqueio ou Suspensão",CLARO,39445
"Plano de serviços, Oferta, Bônus, Promoções e Mensagens Publicitárias",TIM,38903
"Plano de serviços, Oferta, Bônus, Promoções e Mensagens Publicitárias",CLARO,37174
Cobrança,Outros,37151
Atendimento,SKY,36126
"Documento de Cobrança, Contrato, Gravações",CLARO,35080
Mudança de Endereço,NET,34918
Ressarcimento,SKY,34440
"Documento de Cobrança, Contrato, Gravações",NET,33829
Mudança de Plano,VIVO,33795
Dificuldade em cancelar,CLARO,33343
Mudança de Plano,OI,33065
Cópia de Documentos,Outros,32336
Portabilidade,NET,31610
"Plano de serviços, Oferta, Bônus, Promoções e Mensagens Publicitárias",VIVO,31413
"Qualidade, Funcionamento e Reparo",NEXTEL,31282
Dificuldade em cancelar,VIVO,30516
Dados cadastrais e número da linha,OI,30300
Dificuldade em cancelar,TIM,29848
"Bloqueio, desbloqueio ou Suspensão",TIM,29392
Bloqueio ou Suspensão e Desbloqueio,NEXTEL,28442
"Plano de serviços, Oferta, Bônus, Promoções e Mensagens Publicitárias",OI,26191
"Documento de Cobrança, Contrato, Relatório, Gravações",OI,25945
"Documento de Cobrança, Contrato, Relatório, Gravações",VIVO,25436
Ressarcimento,NET,25136
Portal Anatel,Outros,24419
"Bloqueio, desbloqueio ou Suspensão",VIVO,23090
"Oferta, Bônus, Promoções, Mensagens Publicitárias e Mudança de Plano",NEXTEL,23018
"Bloqueio, desbloqueio ou Suspensão",OI,22283
Mudança de Plano,TIM,22033
Dificuldade em cancelar,NEXTEL,21120
Autorização / Licença / Outorga,Outros,20388
Dificuldade em cancelar,NET,20370
Instalação ou Ativação ou Habilitação,NEXTEL,19928
Dificuldade em cancelar,SKY,19716
Cobrança,ALGAR,19631
Bônus e Promoções,OI,19482
Oferta,VIVO,19368
Empresa não cadastrada,Outros,18988
Dados cadastrais e número da linha,CLARO,18734
Atendimento,NEXTEL,18364
"Qualidade, Funcionamento e Reparo",ALGAR,18081
Bônus e Promoções,VIVO,17617
Mudança de Plano,CLARO,17555
Dados cadastrais e número da linha,NET,15893
Oferta,OI,15565
Qualidade e Funcionamento do Serviço ou Equipamento,NEXTEL,13813
Mudança de Endereço,SKY,13771
Portabilidade,NEXTEL,13531
Bônus e Promoções,TIM,12979
"Documento de Cobrança, Contrato, Gravações",SKY,12212
"Documento de Cobrança, Contrato, Relatório, Gravações",TIM,11973
Oferta,NET,11714
Bônus e Promoções,CLARO,11560
Cancelamento,Outros,11540
"Documento de Cobrança, Contrato, Relatório, Gravações",CLARO,11531
Oferta,CLARO,11497
"Documento de Cobrança, Contrato, Relatório, Gravações",NET,10350
Homologação e certificação de produtos de telecomunicações,Outros,10021
Mudança de Endereço,CLARO,9901
Ressarcimento,NEXTEL,9851
"Documento de Cobrança, Contrato, Gravações",NEXTEL,9621
Qualidade e Funcionamento do Serviço ou Equipamento,Outros,9448
Instalação ou Ativação ou Habilitação,Outros,9439
Mudança de Plano,NET,9360
Dados cadastrais ou número da linha,CLARO,9336
Dados cadastrais ou número da linha,VIVO,8815
Dados cadastrais ou número da linha,TIM,8758
Dados Cadastrais,VIVO,8501
NÃO APLICÁVEL,NEXTEL,8411
Atuação Anatel,Outros,8333
Mudança de Plano,SKY,8300
Oferta,TIM,8194
Banda larga - ADSL,Outros,7846
Dados Cadastrais,TIM,7681
"Documento de Cobrança, Contrato, Relatório, Gravações",SKY,7546
Crítica à Anatel,Outros,7337
Mensagens Publicitárias,CLARO,7311
Rádio FM,Outros,7304
Instalação ou Ativação ou Habilitação,ALGAR,7251
Dados Cadastrais,OI,7197
Pós-Pago,Outros,6926
Longa Distância/Interurbano,NET,6867
Serviços de Proteção ao Crédito,VIVO,6739
"Bloqueio, desbloqueio ou Suspensão",SKY,5793
Serviços de Proteção ao Crédito,OI,5637
Bloqueio ou Suspensão e Desbloqueio,Outros,5477
Dados cadastrais ou número da linha,OI,5428
Serviços de Proteção ao Crédito,CLARO,5141
Pré-Pago,Outros,4732
Cancelamento,ALGAR,4616
Mensagens Publicitárias,TIM,4576
Oferta,SKY,4447
Mudança de Endereço,TIM,4434
Serviços de Proteção ao Crédito,TIM,4273
Dados Cadastrais,CLARO,4165
"Plano de serviços, Oferta, Bônus, Promoções e Mensagens Publicitárias",SKY,4161
"Documento de Cobrança, Contrato, Relatório, Gravações",NEXTEL,3917
Dados Cadastrais,NET,3709
"Oferta, Bônus, Promoções, Mensagens Publicitárias e Mudança de Plano",Outros,3654
Longa Distância/Interurbano,VIVO,3640
Dados cadastrais e número da linha,NEXTEL,3607
Rádio Comunitária,Outros,3596
Dados cadastrais e número da linha,SKY,3444
Mudança de Plano,NEXTEL,3406
Serviços de Proteção ao Crédito,NET,3180
"Oferta, Bônus, Promoções, Mensagens Publicitárias e Mudança de Plano",ALGAR,3158
"Bloqueio, desbloqueio ou Suspensão",NEXTEL,3150
Bônus e Promoções,NET,3146
Mensagens Publicitárias,OI,3058
TV Digital,Outros,3052
"Qualidade, Funcionamento e Reparo",SERCOMTEL,2956
"Qualidade, Funcionamento e Reparo",HUGHES,2906
Bônus e Promoções,SKY,2871
Longa Distância/Interurbano,OI,2805
"Plano de serviços, Oferta, Bônus, Promoções e Mensagens Publicitárias",NEXTEL,2754
Mudança de Endereço,ALGAR,2653
Qualidade e Funcionamento do Serviço ou Equipamento,ALGAR,2505
Longa Distância/Interurbano,TIM,2441
Mudança de Endereço,Outros,2382
Bloqueio ou Suspensão e Desbloqueio,ALGAR,2308
"Documento de Cobrança, Contrato, Gravações",Outros,2248
Cobrança,HUGHES,2244
Arrecadação/Cobrança,Outros,2234
"Bloqueio, desbloqueio ou Suspensão",Outros,2205
Oferta,NEXTEL,2192
Atendimento,ALGAR,2178
Dados Cadastrais,SKY,2085
Mensagens Publicitárias,VIVO,2056
Ressarcimento,Outros,2055
Internet Via Rádio,Outros,1984
Crédito Pré-pago,ALGAR,1979
Longa Distância/Interurbano,CLARO,1975
Local,Outros,1945
Cancelamento,HUGHES,1897
TV a Cabo,Outros,1806
Regulamentação,Outros,1738
Certificação e Homologação de Produtos (Equipamento) de Telecomunicações,Outros,1702
Portabilidade,Outros,1662
Código de Acesso,OI,1587
Cobrança,SERCOMTEL,1529
Código de Acesso,VIVO,1525
Certificação e Homologação de Produtos (Equipamentos) de Telecomunicações,Outros,1518
Serviços de Proteção ao Crédito,NEXTEL,1500
"Plano de serviços, Oferta, Bônus, Promoções e Mensagens Publicitárias",Outros,1407
Acompanhamento de obrigações,Outros,1371
Solicitação de Vista de Processo ou Documento,Outros,1347
Outorga,Outros,1257
Ressarcimento,ALGAR,1256
"Qualidade, Funcionamento e Reparo",Brisanet,1184
Não aplicável,Outros,1149
Portabilidade,ALGAR,1136
Dados Cadastrais,NEXTEL,1092
Código de Acesso,TIM,1079
"Documento de Cobrança, Contrato, Gravações",ALGAR,993
Bônus e Promoções,NEXTEL,960
Crédito Pré-pago,NEXTEL,924
TV,Outros,915
Dificuldade em cancelar,Outros,907
Crédito Pré-pago,NET,894
Planos de Serviços,NEXTEL,860
Rádio AM,Outros,773
"Qualidade, Funcionamento e Reparo",Correios Celular,751
Longa Distância/Interurbano,Outros,747
Serviços de Proteção ao Crédito,SKY,739
Dados cadastrais ou número da linha,SKY,723
Cobrança,Brisanet,707
Dados cadastrais ou número da linha,NEXTEL,621
Programa Banda Larga nas Escolas (PBLE),OI,608
Dados cadastrais e número da linha,Outros,605
Atendimento,HUGHES,580
"Plano de serviços, Oferta, Bônus, Promoções e Mensagens Publicitárias",ALGAR,560
Consulta Pública,Outros,553
Portabilidade,Correios Celular,548
Dados cadastrais e número da linha,ALGAR,532
"Qualidade, Funcionamento e Reparo",CABO TELECOM,521
Qualidade e Funcionamento do Serviço ou Equipamento,SERCOMTEL,519
Longa Distância/Interurbano,NEXTEL,513
"Certificação / homologação de produto (fabricação, comercialização ou utilização)",Outros,479
"Bloqueio, desbloqueio ou Suspensão",ALGAR,478
Banda larga - WiFi,Outros,478
Crédito Pré-pago,Outros,474
Instalação ou Ativação ou Habilitação,HUGHES,461
Código de Acesso,NET,450
Código de Acesso,CLARO,445
Instalação ou Ativação ou Habilitação,SERCOMTEL,432
Oferta,Outros,424
Crédito Pré-pago,Correios Celular,399
"Documento de Cobrança, Contrato, Relatório, Gravações",Outros,395
DTH (Via Satélite),Outros,382
Outros,Outros,350
Instalação ou Ativação ou Habilitação,Brisanet,346
Banda larga fixa (SCM),Outros,341
Rádio Comunitária (RADCOM),Outros,319
RTV (Retransmissão de TV),Outros,314
Mudança de Plano,ALGAR,313
Dificuldade em cancelar,ALGAR,300
Cancelamento,SERCOMTEL,283
Cobrança,CABO TELECOM,282
Código de Acesso,NEXTEL,253
"Documento de Cobrança, Contrato, Relatório, Gravações",ALGAR,244
Móvel Pessoal (SMP),Outros,226
Atendimento,SERCOMTEL,222
Mudança de Plano,Outros,221
Cancelamento,Correios Celular,203
Fiscalização,Outros,187
Certificação e Homologação de Produtos,Outros,180
Ressarcimento,HUGHES,175
Dados cadastrais ou número da linha,Outros,167
Oferta,ALGAR,166
Certificação/Homologação,Outros,156
Dados cadastrais ou número da linha,ALGAR,154
Cancelamento,Brisanet,152
Mudança de Endereço,SERCOMTEL,147
"Oferta, Bônus, Promoções, Mensagens Publicitárias e Mudança de Plano",Correios Celular,145
Atendimento,Brisanet,145
TV ou RTV (Analógica ou Digital),Outros,142
"Oferta, Bônus, Promoções, Mensagens Publicitárias e Mudança de Plano",SERCOMTEL,136
Bloqueio ou Suspensão e Desbloqueio,SERCOMTEL,132
"Oferta, Bônus, Promoções, Mensagens Publicitárias e Mudança de Plano",HUGHES,130
Programa Banda Larga nas Escolas (PBLE),VIVO,128
Bloqueio ou Suspensão e Desbloqueio,Correios Celular,128
"Bloqueio, desbloqueio ou Suspensão",HUGHES,127
Portabilidade,SERCOMTEL,126
"Plano de serviços, Oferta, Bônus, Promoções e Mensagens Publicitárias",HUGHES,120
Bônus e Promoções,Outros,117
Instalação ou Ativação ou Habilitação,Correios Celular,117
Bloqueio ou Suspensão e Desbloqueio,HUGHES,110
"Bloqueio, desbloqueio ou Suspensão",Correios Celular,105
Atendimento,Correios Celular,103
Mensagens Publicitárias,NEXTEL,98
Crédito Pré-pago,SERCOMTEL,98
Crítica à Anatel,OI,95
"Documento de Cobrança, Contrato, Gravações",SERCOMTEL,92
Mudança de Endereço,HUGHES,89
Dados Cadastrais,Outros,86
"Plano de serviços, Oferta, Bônus, Promoções e Mensagens Publicitárias",Correios Celular,86
Ressarcimento,SERCOMTEL,85
Serviços de Proteção ao Crédito,Outros,85
Pós-Pago,VIVO,77
"Oferta, Bônus, Promoções, Mensagens Publicitárias e Mudança de Plano",Brisanet,77
Dados cadastrais e número da linha,Correios Celular,74
Cancelamento,CABO TELECOM,74
Bônus e Promoções,ALGAR,72
TV por Assinatura (SeAC),Outros,71
Serviço Limitado Móvel Aeronáutico ou Radionavegação Aeronáutica (SLMA),Outros,71
Dados Cadastrais,ALGAR,70
"Plano de serviços, Oferta, Bônus, Promoções e Mensagens Publicitárias",Brisanet,67
Pré-Pago,TIM,67
Ressarcimento,Correios Celular,67
Mudança de Endereço,Brisanet,66
Pré-Pago,VIVO,61
"Documento de Cobrança, Contrato, Gravações",HUGHES,61
Soluções de Competição,Outros,61
"Bloqueio, desbloqueio ou Suspensão",Brisanet,59
Pós-Pago,CLARO,59
Ressarcimento,Brisanet,58
Atendimento,CABO TELECOM,57
Serviços de Proteção ao Crédito,ALGAR,56
Local,VIVO,54
Programa Banda Larga nas Escolas (PBLE),TIM,52
Instalação ou Ativação ou Habilitação,CABO TELECOM,50
Longa Distância/Interurbano,ALGAR,48
Programa Banda Larga nas Escolas (PBLE),NET,46
Bloqueio ou Suspensão e Desbloqueio,Brisanet,46
Local,OI,46
Planos de Serviços,Outros,44
Cobrança,NOSSA TV - BRASIL,41
Rádio AM (OM),Outros,39
Telefonia Fixa (STFC),Outros,39
Pós-Pago,TIM,39
Pós-Pago,OI,39
Dados cadastrais ou número da linha,Correios Celular,38
Serviço Limitado Privado (SLP),Outros,37
Bloqueio ou Suspensão e Desbloqueio,CABO TELECOM,36
Dados cadastrais e número da linha,SERCOMTEL,35
Radioamador (PY),Outros,35
Pré-Pago,OI,34
TV a Cabo,NET,34
Banda larga - ADSL,OI,34
NÃO APLICÁVEL,EMBRATEL,32
Pré-Pago,CLARO,32
TV a Cabo,SKY,31
Mudança de Endereço,CABO TELECOM,28
Programa Banda Larga nas Escolas (PBLE),CLARO,27
TV a Cabo,CLARO,25
"Bloqueio, desbloqueio ou Suspensão",SERCOMTEL,24
Pós-Pago,NEXTEL,24
Programa Banda Larga nas Escolas (PBLE),Outros,24
"Oferta, Bônus, Promoções, Mensagens Publicitárias e Mudança de Plano",CABO TELECOM,24
"Qualidade, Funcionamento e Reparo",NOSSA TV - BRASIL,22
Cancelamento,NOSSA TV - BRASIL,22
Mudança de Plano,SERCOMTEL,22
Dificuldade em cancelar,SERCOMTEL,22
NÃO APLICÁVEL,VIVO,21
Banda larga - ADSL,VIVO,21
Dados cadastrais e número da linha,HUGHES,20
"Documento de Cobrança, Contrato, Gravações",CABO TELECOM,19
"Oferta, Bônus, Promoções, Mensagens Publicitárias e Mudança de Plano",Datora,18
Portabilidade,Datora,17
NÃO APLICÁVEL,CLARO,17
"Documento de Cobrança, Contrato, Gravações",Correios Celular,16
NÃO APLICÁVEL,OI,16
"Plano de serviços, Oferta, Bônus, Promoções e Mensagens Publicitárias",SERCOMTEL,15
"Documento de Cobrança, Contrato, Gravações",Brisanet,14
Oferta,SERCOMTEL,14
Rádio do Cidadão (PX),Outros,13
Mensagens Publicitárias,ALGAR,13
Banda larga - ADSL,NET,13
"Documento de Cobrança, Contrato, Relatório, Gravações",SERCOMTEL,12
TV a Cabo,VIVO,12
Programa Banda Larga nas Escolas (PBLE),ALGAR,11
Dados cadastrais ou número da linha,HUGHES,11
DTH (Via Satélite),SKY,11
Dados cadastrais ou número da linha,SERCOMTEL,11
"Bloqueio, desbloqueio ou Suspensão",CABO TELECOM,11
DTH (Via Satélite),CLARO,11
"Qualidade, Funcionamento e Reparo",Datora,10
Empresa não cadastrada,NET,10
NÃO APLICÁVEL,TIM,10
"Documento de Cobrança, Contrato, Gravações",NOSSA TV - BRASIL,10
Portabilidade,CABO TELECOM,9
Longa Distância/Interurbano,SERCOMTEL,9
Ressarcimento,CABO TELECOM,8
"Plano de serviços, Oferta, Bônus, Promoções e Mensagens Publicitárias",CABO TELECOM,8
Local,NET,7
DTH (Via Satélite),OI,7
Cobrança,Datora,7
Local,CLARO,6
Banda larga - ADSL,EMBRATEL,6
NÃO APLICÁVEL,NET,6
Ressarcimento,NOSSA TV - BRASIL,6
TV a Cabo,OI,5
Dados cadastrais ou número da linha,Brisanet,5
Canais de Relacionamento,VIVO,5
Atendimento,Datora,4
VoIP - Voz Sobre IP,Outros,4
Código de Acesso,ALGAR,4
"Oferta, Bônus, Promoções, Mensagens Publicitárias e Mudança de Plano",NOSSA TV - BRASIL,4
Canais de Relacionamento,OI,4
Dados Cadastrais,SERCOMTEL,4
DTH (Via Satélite),VIVO,4
Bloqueio ou Suspensão e Desbloqueio,Datora,3
Bônus e Promoções,SERCOMTEL,3
Mensagens Publicitárias,Outros,3
Instalação ou Ativação ou Habilitação,NOSSA TV - BRASIL,3
NÃO APLICÁVEL,SKY,3
Banda larga - WiMax,Outros,3
Dados cadastrais e número da linha,Datora,3
Longa Distância/Interurbano,Correios Celular,2
Bloqueio ou Suspensão e Desbloqueio,NOSSA TV - BRASIL,2
Atendimento,NOSSA TV - BRASIL,2
Banda larga - ADSL,CLARO,2
Código de Acesso,SERCOMTEL,2
Cobrança,Correios Celular,2
Crítica à Anatel,TIM,2
Outros,NET,2
Código de Acesso,Outros,2
Exploração Industrial de Linha Dedicada - EILD,Outros,2
Canais de Relacionamento,TIM,2
Pré-Pago,NEXTEL,2
Banda larga - ADSL,TIM,2
Canais de Relacionamento,SKY,2
"Documento de Cobrança, Contrato, Gravações",Datora,2
Local,SERCOMTEL,2
Programa Banda Larga nas Escolas (PBLE),HUGHES,2
Empresa não cadastrada,ALGAR,2
Internet Via Rádio,VIVO,2
Serviço Móvel Maritmo (SMM),Outros,1
Mudança de Endereço,NOSSA TV - BRASIL,1
Atendimento,EMBRATEL,1
Instalação ou Ativação ou Habilitação,Datora,1
Local,TIM,1
Local,ALGAR,1
Local,Intelig,1
Dados cadastrais e número da linha,CABO TELECOM,1
MMDS (Via Microondas),Outros,1
Longa Distância/Interurbano,CABO TELECOM,1
Atuação Anatel,NET,1
Atendimento,,1
Cancelamento,Datora,1
Programa Banda Larga nas Escolas (PBLE),SKY,1
Portal Anatel,SKY,1
Banda larga - WiFi,VIVO,1
Banda larga - WiFi,TIM,1
Canais de Relacionamento,CLARO,1
Banda larga - WiFi,OI,1
Banda larga - WiFi,NET,1
Banda larga - WiFi,EMBRATEL,1
Canais de Relacionamento,NEXTEL,1
Outros,VIVO,1
Crítica à Anatel,NET,1
Banda larga - ADSL,SKY,1
Outros,OI,1
Outorga,EMBRATEL,1
Oferta,,1
Crédito Pré-pago,SKY,1
Banda larga - ADSL,ALGAR,1
Atuação Anatel,OI,1
NÃO APLICÁVEL,,1
Atuação Anatel,CLARO,1
Outros,SKY,1
